-1.266470014980491721e+00,3.339082008264232515e-01,0.000000000000000000e+00
5.964868340803612057e+00,-1.745726375149807996e+00,4.000000000000000000e+00
5.929327337750386562e+00,4.128161396022109186e-01,8.000000000000000000e+00
-4.722376995821104373e+00,-1.512251129719658138e+00,5.000000000000000000e+00
1.422079715561507252e+00,-1.221883393224221903e+00,0.000000000000000000e+00
5.841480957299870269e+00,3.223745290435644506e+00,8.000000000000000000e+00
-1.435257822303456665e+00,4.453855276808901809e-01,0.000000000000000000e+00
3.057072639563738203e+00,1.310340516617496620e+00,8.000000000000000000e+00
-5.001815402804692390e-01,8.754473021361325991e+00,9.000000000000000000e+00
1.711068115589551741e+00,-2.367260826874697244e-01,0.000000000000000000e+00
-4.672635660342105091e+00,8.477563110957641035e-01,5.000000000000000000e+00
9.195863065616894927e-01,4.185619382048712644e+00,9.000000000000000000e+00
-1.992337224788691907e+00,5.570400989407880310e+00,9.000000000000000000e+00
4.039997102192063316e+00,-1.065318520183442308e+00,4.000000000000000000e+00
3.709251840591350380e+00,3.807522012571829872e+00,8.000000000000000000e+00
-1.726032042078063933e+00,1.512152771257323058e+00,0.000000000000000000e+00
3.055746469256052311e+00,-1.312825868002533425e-01,0.000000000000000000e+00
-3.649586246903515185e+00,9.161398919153267428e+00,9.000000000000000000e+00
1.170269002886304532e+00,-3.600825504833260915e+00,6.000000000000000000e+00
-1.486714802776400446e-01,-1.095049924997512747e+00,0.000000000000000000e+00
6.532690894219517652e+00,-4.695529549102566591e+00,4.000000000000000000e+00
-3.540460676022778586e+00,3.972559203874720946e-01,5.000000000000000000e+00
-2.109993522039906200e+00,-3.276095742511462849e-01,0.000000000000000000e+00
2.187944817943062503e+00,5.840964824153522805e+00,9.000000000000000000e+00
-9.536255041756771522e-01,8.559104319868925614e+00,9.000000000000000000e+00
-4.132144438544121279e+00,7.612566538431733143e+00,9.000000000000000000e+00
5.598193901172119347e-01,-6.493901432488415892e+00,6.000000000000000000e+00
-5.628715888882074303e+00,-7.065458931826716915e-01,5.000000000000000000e+00
1.616092352533040621e+00,-6.746670422183450810e+00,6.000000000000000000e+00
-3.903377461660364034e+00,5.148086100041660007e-02,5.000000000000000000e+00
1.337612617259052339e+00,-8.295256403840481907e-01,0.000000000000000000e+00
4.634219797815482877e+00,-3.156750541623963180e+00,4.000000000000000000e+00
2.468063740892251889e+00,-5.603732666275540453e+00,4.000000000000000000e+00
-7.151973771211184605e+00,2.528524730193430159e+00,5.000000000000000000e+00
3.118718768533829788e+00,4.090493112988919933e+00,8.000000000000000000e+00
3.601315155823783809e-01,6.225361605046204616e-01,0.000000000000000000e+00
5.239811786466506582e+00,4.253683945169266067e+00,8.000000000000000000e+00
3.586941037918368824e+00,-2.215752168340722417e+00,4.000000000000000000e+00
-7.143972887387406434e-01,5.712287565761188013e+00,9.000000000000000000e+00
3.772023128873372766e+00,5.503874075856160175e+00,8.000000000000000000e+00
-4.982695719117595234e-01,6.236951630439159011e+00,9.000000000000000000e+00
3.128345550821862275e+00,-1.728585251330821970e-01,0.000000000000000000e+00
1.200725038945828382e+00,-2.033942965751376342e+00,0.000000000000000000e+00
4.230293008222106188e+00,-5.750763731099389764e-01,4.000000000000000000e+00
6.282400339966335068e+00,-6.570371591241040754e+00,4.000000000000000000e+00
-4.578867304982149888e-01,-6.536088228203858819e+00,6.000000000000000000e+00
2.519626332369790500e+00,2.411481294943385922e+00,8.000000000000000000e+00
-4.116971430095065498e-01,3.795209517045846415e+00,9.000000000000000000e+00
-5.024349151935826319e-01,6.382828342669835564e+00,9.000000000000000000e+00
-1.605359751279786806e+00,5.165118547443301900e+00,9.000000000000000000e+00
-4.725952809382842013e+00,-1.311944427731967178e+00,5.000000000000000000e+00
3.096388095245885985e+00,-4.583424577520456844e-01,0.000000000000000000e+00
-1.361048423626658455e+00,-2.294325138145764775e+00,0.000000000000000000e+00
-8.382910625682177042e+00,-4.959348952890208828e+00,7.000000000000000000e+00
-8.609726659834747053e+00,-4.350852523518928372e+00,7.000000000000000000e+00
-3.272014634644402786e+00,1.533792261277846236e-01,5.000000000000000000e+00
-3.819986328552847255e+00,-5.014298375309870437e+00,7.000000000000000000e+00
1.776966261721268925e+00,6.259106095348156984e-01,0.000000000000000000e+00
5.482505398793762197e-01,-5.178794722050435340e+00,6.000000000000000000e+00
4.985663874623755376e+00,-2.926221318282418604e+00,4.000000000000000000e+00
3.007949091873242331e+00,2.474851881996635861e+00,8.000000000000000000e+00
-4.587426260436023639e+00,-2.799865894220744389e-01,5.000000000000000000e+00
-4.990303088177783786e-01,8.081779202303588150e+00,9.000000000000000000e+00
2.324849021221876200e+00,-5.359084750905302563e+00,4.000000000000000000e+00
-2.550514395948206836e+00,6.326589588879096837e+00,9.000000000000000000e+00
3.320799011978400550e+00,-4.192081531733728994e+00,4.000000000000000000e+00
-6.212444163391848129e+00,1.385982967256209342e-01,5.000000000000000000e+00
1.903557435825984578e+00,4.301761457308841408e+00,9.000000000000000000e+00
3.633834283483301508e+00,-1.799966696102987651e+00,4.000000000000000000e+00
-2.398175297639391523e+00,-1.251858227627573150e+00,0.000000000000000000e+00
-3.102990590005867966e-01,1.848707034764603963e+00,0.000000000000000000e+00
-3.103650536787766701e+00,4.978068980944198252e+00,9.000000000000000000e+00
2.952239108639794551e+00,7.301695419458734015e+00,9.000000000000000000e+00
-8.617870015978772003e+00,-5.054708791374993293e-01,5.000000000000000000e+00
-9.286732726717271902e+00,-2.627732891048146779e+00,7.000000000000000000e+00
4.181797715283846806e+00,1.170689058532451386e-03,8.000000000000000000e+00
-2.353475715529071977e+00,-5.856245949505634041e-02,0.000000000000000000e+00
6.332319042988485691e+00,9.805127604695292876e-01,8.000000000000000000e+00
6.661973976575814582e-01,4.973702162435926333e+00,9.000000000000000000e+00
5.148498156385499236e+00,1.545271041327589190e+00,8.000000000000000000e+00
-4.313247879198278234e+00,-1.651499458406313403e+00,5.000000000000000000e+00
3.447061227006891770e-01,-2.848337659997702165e+00,6.000000000000000000e+00
-5.500455406297064531e-01,1.913889725223994587e+00,0.000000000000000000e+00
-4.004408034317398446e+00,-1.010762931647147811e+00,5.000000000000000000e+00
-2.512825830670364802e+00,5.363022503647933981e+00,9.000000000000000000e+00
-5.796164548975385244e+00,2.293419431941588815e+00,5.000000000000000000e+00
-8.525735224994875905e-01,4.424898337436604656e+00,9.000000000000000000e+00
1.884714535550185532e+00,-5.124269770682668756e+00,6.000000000000000000e+00
-2.455219563947885764e+00,2.011792851504595192e-01,5.000000000000000000e+00
-3.842585607378323775e-01,-1.627188393678546285e+00,0.000000000000000000e+00
1.791979984915116564e+00,-1.877660977986784552e+00,0.000000000000000000e+00
-3.120467506180817807e+00,-3.755231961902086191e+00,6.000000000000000000e+00
3.493799670337504715e+00,1.449004457372583765e+00,8.000000000000000000e+00
9.181105001504027641e+00,-1.314577379666155510e+00,4.000000000000000000e+00
7.663719438956599905e-01,1.752347234333602621e+00,0.000000000000000000e+00
-2.249895043103461667e+00,-2.560026744406829646e+00,6.000000000000000000e+00
-5.807646334465469629e+00,-6.510498123001862147e+00,7.000000000000000000e+00
-5.051896094052196418e+00,-5.622828315355169693e+00,7.000000000000000000e+00
-6.972462584336756031e+00,4.277074719954818249e+00,5.000000000000000000e+00
1.053338953732948280e+00,2.749651183494164819e+00,0.000000000000000000e+00
4.522808017234155042e-01,-6.322445771685305971e+00,6.000000000000000000e+00
-6.411338854176888979e+00,-5.237122528846074765e+00,7.000000000000000000e+00
5.685093904868588233e+00,-3.473612921523432373e+00,4.000000000000000000e+00
2.325388576244900030e+00,9.806763005560988233e+00,9.000000000000000000e+00
-4.904143209315924956e+00,7.458051019413698413e-01,5.000000000000000000e+00
5.546475860775497146e-01,2.339653974397869263e+00,0.000000000000000000e+00
-3.569437480206880231e+00,-9.662409016920983973e+00,7.000000000000000000e+00
4.567805492925073985e+00,2.947427903868611310e+00,8.000000000000000000e+00
-3.514298725305110782e+00,-1.101898007706496330e+01,7.000000000000000000e+00
1.008256044932221984e+00,1.072792269466044113e+00,0.000000000000000000e+00
5.064574376250396970e-01,-2.575683095976360804e+00,0.000000000000000000e+00
2.568885063947963787e-01,-3.677269839106499294e+00,6.000000000000000000e+00
1.904668858479459326e+00,-2.501504564702105249e+00,4.000000000000000000e+00
7.798038836150324116e+00,3.597651508232875273e+00,8.000000000000000000e+00
6.963711986988485592e+00,4.139471488795096299e+00,8.000000000000000000e+00
7.183053464523201370e-01,-1.654792168503607552e+00,0.000000000000000000e+00
1.237885738209927533e+00,2.964931719412458033e+00,0.000000000000000000e+00
6.258935541731641905e+00,6.685445894556278468e+00,8.000000000000000000e+00
1.717787356069448323e+00,-5.781028007044246131e+00,6.000000000000000000e+00
-7.631976529562647826e+00,6.653961888569281946e-01,5.000000000000000000e+00
1.230456984735148307e+00,-3.890649318141969015e+00,6.000000000000000000e+00
-9.141840181993647008e+00,-4.135438571413678210e-01,5.000000000000000000e+00
-6.482681171291967637e+00,6.018129215191075687e+00,9.000000000000000000e+00
3.109989927057394521e+00,-1.075149074687222983e+00,4.000000000000000000e+00
-1.673274165824266024e+00,-1.423520744890448830e-01,0.000000000000000000e+00
-5.833545301163097108e+00,-4.730905184969054211e+00,7.000000000000000000e+00
1.704042189347438063e-01,4.992553872794318615e+00,9.000000000000000000e+00
3.819935447767066172e+00,-3.585086079646429003e+00,4.000000000000000000e+00
9.759234604591303375e-02,-5.230947145303407098e+00,6.000000000000000000e+00
2.377500296407956792e+00,-8.136887471928641036e-01,0.000000000000000000e+00
-5.198669247539108973e+00,3.953355855963293364e-02,5.000000000000000000e+00
-1.237933824585701359e+01,9.469217682088986177e-01,5.000000000000000000e+00
-1.593381465234603889e+00,-2.060967623421079420e+00,0.000000000000000000e+00
1.006732048714622074e+01,-2.842052534505816741e+00,4.000000000000000000e+00
1.845650078556461793e+00,-3.910568617121594759e+00,4.000000000000000000e+00
8.959202359275139083e-01,3.805353272005620319e-02,0.000000000000000000e+00
-9.282364467899328897e-01,-6.265588266785185878e-01,0.000000000000000000e+00
-8.216843944624489637e+00,6.618495705296987275e+00,3.000000000000000000e+00
-3.269816077920984498e-01,-9.597284226713217459e-01,0.000000000000000000e+00
9.308804499862539217e+00,1.370148951772583779e+01,1.000000000000000000e+00
2.125203080781138620e+00,2.224063870114287855e+00,0.000000000000000000e+00
-9.227595302317678216e-01,-2.545937626131614451e+00,0.000000000000000000e+00
-3.310782742932446565e-01,2.539028591042920002e+00,0.000000000000000000e+00
-4.219913823642921002e+00,6.096410502468654791e+00,9.000000000000000000e+00
1.991043985053520204e+00,-5.006786265469616026e+00,6.000000000000000000e+00
-3.700117691534679398e+00,-8.727489695565834538e+00,7.000000000000000000e+00
4.853709355005403125e+00,-7.883530624658512842e+00,4.000000000000000000e+00
4.232184986140288707e+00,2.782696584057388289e+00,8.000000000000000000e+00
-3.090208196185262324e+00,-3.346643592120285948e+00,6.000000000000000000e+00
4.385646162013308036e+00,-1.166216646351192932e+00,4.000000000000000000e+00
1.154130106400822919e+00,-5.220360340181110503e-01,0.000000000000000000e+00
-9.345979377748745875e+00,8.859908612360953839e+00,3.000000000000000000e+00
-1.077917813944972547e+00,-1.759366265059903123e+00,0.000000000000000000e+00
-3.605631772921125133e+00,1.470899391405582790e+00,5.000000000000000000e+00
-1.941084994675115638e+00,-1.667625615241868031e+00,0.000000000000000000e+00
-2.990070709362351753e+00,1.694120716162800022e+00,5.000000000000000000e+00
6.959030358256321769e-01,-2.597053718720627735e+00,0.000000000000000000e+00
2.613584607822641015e+00,4.109714394682929317e+00,8.000000000000000000e+00
-7.623142981048339095e+00,4.555658473218986870e+00,5.000000000000000000e+00
-2.320594182731394284e+00,3.658914222220505108e-01,0.000000000000000000e+00
-1.049596447126927456e+00,1.528436348060174144e+00,0.000000000000000000e+00
9.235836250431787020e-01,1.782554385463585245e+00,0.000000000000000000e+00
-8.652865569224431397e+00,5.076026742724246255e+00,3.000000000000000000e+00
-2.486697333699678047e+00,-3.312939486232803876e+00,6.000000000000000000e+00
6.302292794643774343e+00,-1.568240076572954944e+00,4.000000000000000000e+00
-3.165947408696797361e+00,-8.808768645388351359e+00,7.000000000000000000e+00
-2.769093840027131215e+00,4.473014626672989991e+00,9.000000000000000000e+00
5.216165396665804366e+00,3.364934318189303664e+00,8.000000000000000000e+00
8.644392771970917932e-01,4.987624179999208707e+00,9.000000000000000000e+00
-9.682408439588341409e+00,7.995113864386921287e-01,5.000000000000000000e+00
1.299984746027629035e+00,4.283215548757216551e-01,0.000000000000000000e+00
6.736042625590719979e+00,4.607367119971622849e+00,8.000000000000000000e+00
-2.654934387762426518e+00,-4.665354956503682260e+00,6.000000000000000000e+00
-4.316254995098467440e+00,9.661676861791531623e-01,5.000000000000000000e+00
-2.680018030973380316e+00,-4.084711341353999714e+00,6.000000000000000000e+00
-3.076926626524584041e+00,1.854552293389300610e+00,5.000000000000000000e+00
-3.446974208759840952e+00,-2.678072642531390102e+00,5.000000000000000000e+00
-3.844281087039778555e+00,7.893399536879774026e+00,9.000000000000000000e+00
-6.614017469614545952e+00,3.757458014403296076e+00,5.000000000000000000e+00
7.460397396363972256e+00,1.016622362047792993e+00,8.000000000000000000e+00
5.230260813840495793e+00,1.521648155445047834e+00,8.000000000000000000e+00
-4.788480605175287508e+00,-1.713747095285965416e-01,5.000000000000000000e+00
-1.819635972305101435e+00,4.315142450183625300e+00,9.000000000000000000e+00
3.122923256957161442e+00,7.930485822757811498e-02,0.000000000000000000e+00
5.947692860604739451e+00,-2.652176056796183179e+00,4.000000000000000000e+00
1.085410447161776260e+00,-1.684161793636764326e+00,0.000000000000000000e+00
3.355021569916876611e+00,-7.413373665803476564e-01,4.000000000000000000e+00
2.219643075021954015e+00,-2.686859544781110554e+00,4.000000000000000000e+00
-2.834817429920374332e-01,-8.250577537350201052e-01,0.000000000000000000e+00
7.516196672360947462e-01,4.838176388227323210e-01,0.000000000000000000e+00
5.688064212520606233e+00,2.790256468472316342e+00,8.000000000000000000e+00
1.455722636210014409e+00,5.933093480110132489e+00,9.000000000000000000e+00
1.411811847760900518e+00,-2.160285201919199594e+00,0.000000000000000000e+00
-3.237007130395061161e+00,-1.544690114580170137e+00,5.000000000000000000e+00
4.817172605895515325e+00,-3.285662969200687122e+00,4.000000000000000000e+00
5.743514373131859863e+00,1.366063628450417511e+01,1.000000000000000000e+00
-1.244302477367367876e+00,2.656506386125757846e+00,0.000000000000000000e+00
5.849735010457533413e+00,6.975117841442129984e-01,8.000000000000000000e+00
-9.487996635700827186e-01,4.313937824461647530e+00,9.000000000000000000e+00
-3.624159359094122124e+00,1.105259599221024125e+01,9.000000000000000000e+00
-4.221937209773638955e+00,-5.679454202859846923e+00,7.000000000000000000e+00
-5.675859919906159234e+00,5.747217377828199858e+00,9.000000000000000000e+00
9.439636269405702329e-01,-1.321320477234728008e+00,0.000000000000000000e+00
-2.367490413403586125e+00,-6.619443365060656781e+00,6.000000000000000000e+00
-4.441343770847715478e-01,1.611913483915490497e+00,0.000000000000000000e+00
-1.691390290382458694e+00,-9.326549323058591412e+00,6.000000000000000000e+00
4.209742664424238612e+00,6.260271886041485878e+00,8.000000000000000000e+00
-3.617668559209409107e+00,2.644285630820130795e+00,5.000000000000000000e+00
3.324656842720359773e+00,-7.677023030007215532e+00,4.000000000000000000e+00
2.602081388737161216e+00,-1.154593858213497271e+01,6.000000000000000000e+00
4.102519507656875675e+00,1.121686180993244575e+00,8.000000000000000000e+00
2.922593207173775465e+00,-1.334935029521992167e+00,4.000000000000000000e+00
9.821393469885627558e-01,-3.853057583026832766e+00,6.000000000000000000e+00
-8.699631457912976318e-01,-3.975868750077518499e+00,6.000000000000000000e+00
-4.896081647826205696e+00,-3.226224947053422110e+00,7.000000000000000000e+00
3.608418143788192367e+00,-4.359312644322852037e+00,4.000000000000000000e+00
5.400986479797778905e+00,-1.954534725170349041e-01,8.000000000000000000e+00
-3.253950531207779218e+00,-2.574346880816659855e+00,5.000000000000000000e+00
-5.999856098069707849e-02,-3.090789646175861050e-01,0.000000000000000000e+00
1.616304838260479881e+00,5.882127379657877686e-01,0.000000000000000000e+00
1.855600358982094855e+00,-1.867910500907813853e+00,0.000000000000000000e+00
-4.995717732804623723e-01,7.900708712200699146e+00,9.000000000000000000e+00
1.388349652262529377e+00,-2.836960188576848285e+00,0.000000000000000000e+00
-1.931849796013622722e+00,-4.317799536122046256e+00,6.000000000000000000e+00
-1.405932867809278397e+00,-7.321010352797047815e+00,6.000000000000000000e+00
6.375306118087035401e+00,-6.317779866752570861e+00,4.000000000000000000e+00
-6.061899399688810419e-01,1.048649040116441888e+00,0.000000000000000000e+00
1.494861004126344151e+00,6.726853435578324714e+00,9.000000000000000000e+00
-3.068052768055785862e+00,2.516853208182530999e+00,5.000000000000000000e+00
-4.115818837613510972e+00,-4.573057900059593894e-01,5.000000000000000000e+00
-6.891101900928012114e+00,-4.322259654023033804e+00,7.000000000000000000e+00
-1.382689019745586778e+00,-7.718934642114195777e-01,0.000000000000000000e+00
-9.670823742913607635e-02,-6.114969992913145802e+00,6.000000000000000000e+00
-4.665294274207686387e-01,-1.034296952746668552e+00,0.000000000000000000e+00
5.221702705405395051e+00,1.614122187086761417e-01,8.000000000000000000e+00
3.424084281445937794e+00,6.855850998002495977e+00,8.000000000000000000e+00
-1.118968913518218145e+01,5.232253254976657608e+00,3.000000000000000000e+00
-7.579346494468516271e-01,-4.301610126471780760e+00,6.000000000000000000e+00
2.114091685636728002e+00,1.581619427224621122e+00,0.000000000000000000e+00
2.941262128553394639e+00,-1.045466566872924830e+00,4.000000000000000000e+00
6.431823283175084782e+00,2.229629249074133845e+00,8.000000000000000000e+00
1.100987897846765984e+00,1.893247829712943142e+00,0.000000000000000000e+00
-1.293054350296225952e+00,1.415124578325965832e+00,0.000000000000000000e+00
-1.596562240379083564e+00,-9.213269062583986369e+00,6.000000000000000000e+00
6.184073339101884059e+00,6.632873539905657090e-01,8.000000000000000000e+00
-2.482653397266139539e+00,-4.707528228006902182e+00,6.000000000000000000e+00
3.247051501319501376e+00,-7.241167068474836377e+00,4.000000000000000000e+00
2.852536635429791634e+00,4.451215946379408983e+00,8.000000000000000000e+00
8.672683277975281158e+00,-3.080176485869042580e+00,4.000000000000000000e+00
3.527294354025237944e+00,4.466998024033135728e+00,8.000000000000000000e+00
-1.699084245126221582e+00,8.272711147104386598e+00,9.000000000000000000e+00
9.017398454332881119e-01,5.505862577480266751e+00,9.000000000000000000e+00
7.960775462592300400e+00,3.777682180491883646e+00,8.000000000000000000e+00
-2.085383038909473186e+00,-4.189835755915063409e-01,0.000000000000000000e+00
-6.509035332492688397e+00,2.336309620714525970e+00,5.000000000000000000e+00
1.780093802234265832e+00,-6.009962623281072114e-01,0.000000000000000000e+00
-2.433256852435920159e+00,-7.622285313389578931e+00,6.000000000000000000e+00
1.362533550582548214e+00,3.564729484077595600e+00,9.000000000000000000e+00
-2.746639773927199268e+00,-6.029846854885655638e+00,6.000000000000000000e+00
2.446279489281830255e+00,-3.618474521370025787e+00,4.000000000000000000e+00
-2.674747499632813774e+00,3.415928398487830808e+00,9.000000000000000000e+00
3.532107571839239180e-01,-8.893135283898701005e-01,0.000000000000000000e+00
3.758214577338190310e+00,1.253363955260677898e+00,8.000000000000000000e+00
7.086172184918194006e+00,5.653716294766722328e+00,8.000000000000000000e+00
2.337934477645593923e+00,-8.506347883753496930e+00,6.000000000000000000e+00
2.866702661357451110e+00,4.074982710968158450e+00,8.000000000000000000e+00
7.277038393660658855e+00,6.674917193863250553e+00,8.000000000000000000e+00
9.468937735313356918e-02,5.014560356740412672e+00,9.000000000000000000e+00
3.982320129737390246e+00,2.925771372929757419e+00,8.000000000000000000e+00
-2.928965674711503819e+00,-6.107819462637827934e-01,5.000000000000000000e+00
9.926319978817627288e+00,5.756844354599413016e+00,8.000000000000000000e+00
1.961168381438040731e+00,6.533514992246688635e+00,9.000000000000000000e+00
-3.242550192565441414e+00,1.056017672558920761e+00,5.000000000000000000e+00
6.600844966699593641e+00,-5.157165550064864767e+00,4.000000000000000000e+00
2.994321304487194801e+00,-1.883452045683834397e+00,4.000000000000000000e+00
-4.530710771904589151e+00,4.611150681323919365e+00,9.000000000000000000e+00
-1.488061307803313360e-01,6.645252130598524598e-01,0.000000000000000000e+00
-1.112236661828286621e+00,4.556151077573594499e+00,9.000000000000000000e+00
-3.522427266132651891e+00,-2.385959375921015369e+00,5.000000000000000000e+00
-1.293637722733507189e+00,-8.279921711042719679e+00,6.000000000000000000e+00
-1.837276388771467706e-01,-4.155851866280463880e-01,0.000000000000000000e+00
1.620339870364713519e+01,9.700333107598136939e-01,8.000000000000000000e+00
-5.513486132388122352e-01,-1.155784368178624844e+00,0.000000000000000000e+00
-4.582542372508817685e+00,-1.316841108564586982e+01,7.000000000000000000e+00
-3.006713556960125544e+00,-2.927085978956446843e-01,5.000000000000000000e+00
-3.709413185847986405e+00,1.711190192691145029e+00,5.000000000000000000e+00
-9.165072990931603769e+00,2.401477926490536596e+00,5.000000000000000000e+00
-7.677999449128719567e-01,-4.949200590619554418e+00,6.000000000000000000e+00
1.861670181498554122e+00,-2.086866521624219484e+00,0.000000000000000000e+00
-1.499815941504069938e+00,-1.541977628061386829e+00,0.000000000000000000e+00
-2.587769601492167393e+00,5.138496888029841614e+00,9.000000000000000000e+00
5.877419265318507335e+00,-4.891162265872082138e+00,4.000000000000000000e+00
-1.961880740348389551e+00,9.513639089276632044e-01,0.000000000000000000e+00
1.079611977569632231e+00,-5.370894925145799803e+00,6.000000000000000000e+00
6.314648485694629443e-01,4.405839751223536993e+00,9.000000000000000000e+00
1.614654818483793441e+00,1.013257610634568984e+00,0.000000000000000000e+00
-4.414834990583519136e+00,-2.954788597453688936e+00,7.000000000000000000e+00
-3.777719617812093311e+00,4.946844990610444803e+00,9.000000000000000000e+00
-9.021098888718661613e-01,2.445426414421528971e+00,0.000000000000000000e+00
1.406999731565798051e+00,-2.458632979385024342e+00,0.000000000000000000e+00
1.083030466350550647e+01,5.033914542735609565e+00,8.000000000000000000e+00
8.288072301058794222e-01,-5.020796763042959299e+00,6.000000000000000000e+00
-8.064988541618089979e-01,2.542689354122213086e+00,0.000000000000000000e+00
-3.693329339843100190e+00,3.968479309532768617e+00,9.000000000000000000e+00
2.381979725948309756e+00,1.105037229147771471e+00,0.000000000000000000e+00
6.325319359082807180e-01,5.646897706966816699e+00,9.000000000000000000e+00
-2.367347668632363789e+00,2.838331943678132241e+00,9.000000000000000000e+00
4.679754019520549591e+00,-7.259682885257335849e-01,4.000000000000000000e+00
-6.187880016750297862e+00,-4.480642959679762782e+00,7.000000000000000000e+00
3.267466940523312768e+00,1.560270426342654115e+00,8.000000000000000000e+00
4.792280481812605686e+00,-1.861763659159857864e+00,4.000000000000000000e+00
7.625450009241997729e-02,-6.560729628469367469e+00,6.000000000000000000e+00
-1.677601661468964389e+00,-7.538054411513062103e-01,0.000000000000000000e+00
2.269686440713180708e+00,2.384517893372088526e+00,0.000000000000000000e+00
5.623324449924719248e-01,2.216572471725431370e+00,0.000000000000000000e+00
6.824717378518901256e+00,2.401213228213298301e+00,8.000000000000000000e+00
-2.229533579239428853e+00,4.122116062524895597e+00,9.000000000000000000e+00
-1.770779380633655808e+00,-4.242837822035082418e+00,6.000000000000000000e+00
-4.258047036711228306e-01,2.465260733966102347e+00,0.000000000000000000e+00
-5.667110148232341160e+00,-3.508916000874996222e+00,7.000000000000000000e+00
-6.813205465094644975e-01,1.301610769512464572e+00,0.000000000000000000e+00
-1.539104258592871144e+00,-2.521301178851309555e-01,0.000000000000000000e+00
-3.212558471352454426e+00,-2.386112359582165166e+00,5.000000000000000000e+00
-3.877553600216972818e+00,3.268213225627591978e+00,5.000000000000000000e+00
3.961129066100031459e-01,5.427083737028613797e+00,9.000000000000000000e+00
4.791066411114166534e+00,4.131651922292443935e+00,8.000000000000000000e+00
2.453110036593129539e+00,7.132021950588463000e-01,0.000000000000000000e+00
4.842664657643880766e+00,-6.745772159075049679e+00,4.000000000000000000e+00
1.030346186338203740e+00,3.511193921980286792e+00,9.000000000000000000e+00
-4.733589247590224147e+00,-9.460757359174971626e+00,7.000000000000000000e+00
1.149985787848814844e+01,1.443208435000773004e+00,8.000000000000000000e+00
-9.289128377365292177e-01,-8.227162323791617382e+00,6.000000000000000000e+00
2.776407027933068539e-02,-5.428553150600428978e+00,6.000000000000000000e+00
-3.369754731648662904e+00,-3.259841726928391470e+00,6.000000000000000000e+00
-9.635944570088105010e+00,-8.414694962671564582e+00,7.000000000000000000e+00
-1.047663115204834794e+00,3.166444724921096743e+00,9.000000000000000000e+00
-5.387393473016804712e+00,-4.490157400111194352e-01,5.000000000000000000e+00
-6.743995388157632220e+00,-1.637487049204109368e+00,5.000000000000000000e+00
-4.750785795941252942e+00,8.939381515470788964e-01,5.000000000000000000e+00
2.243142098442109933e-01,1.826077849363859862e+00,0.000000000000000000e+00
-4.827713805887137610e+00,1.516717400045744846e+00,5.000000000000000000e+00
-3.961024467449601794e+00,2.142707775943491821e+00,5.000000000000000000e+00
3.967593128695121596e+00,-1.541141929302313862e+00,4.000000000000000000e+00
2.827736898459628723e+00,-2.958406668262460126e+00,4.000000000000000000e+00
-4.805970085755709498e+00,1.586465122011106121e+00,5.000000000000000000e+00
-2.171005645075540613e+00,7.364107015078119600e-01,0.000000000000000000e+00
1.877819223765042844e+00,4.825893582677426963e+00,9.000000000000000000e+00
1.208572070762481854e+00,7.615678410433540435e+00,9.000000000000000000e+00
-7.325375596355801489e-02,-2.964053275694350287e+00,6.000000000000000000e+00
-4.500025325580976343e+00,7.604315417633414897e-01,5.000000000000000000e+00
9.163772951499293384e+00,-6.187415780475470584e+00,4.000000000000000000e+00
-5.262361592764568385e+00,-5.152286824767317031e-01,5.000000000000000000e+00
-9.483493147711259397e+00,-2.662485065411616114e-01,5.000000000000000000e+00
-4.500237125691139539e+00,6.879066206676196948e+00,9.000000000000000000e+00
-4.618316367339821760e+00,-2.390785430362109665e+00,5.000000000000000000e+00
-3.209635968905912407e+00,4.803504998416992855e+00,9.000000000000000000e+00
-6.622809948611968478e-02,-3.820095398922330521e+00,6.000000000000000000e+00
1.993476618810344991e+00,-3.706851604015026780e+00,4.000000000000000000e+00
-4.291894340620553971e-01,-4.015935800373148012e+00,6.000000000000000000e+00
-1.235953643721499295e+00,-6.617835738586159700e+00,6.000000000000000000e+00
-4.578499387281990352e+00,-1.676791694211697825e+00,5.000000000000000000e+00
-3.947882763828675756e+00,4.624523006170569439e-01,5.000000000000000000e+00
-1.034069886512229752e+00,5.558574564563590670e+00,9.000000000000000000e+00
-1.934363078772154410e-01,-1.597666176186027798e+00,0.000000000000000000e+00
-9.377254716485511343e-01,-1.525868878496122738e+00,0.000000000000000000e+00
-1.743489635866840137e+00,5.714572583985627396e+00,9.000000000000000000e+00
3.892504009645017859e+00,-4.029221134533378934e-01,4.000000000000000000e+00
3.669857515765471589e+00,-3.855474831111832756e+00,4.000000000000000000e+00
-5.917051583465060549e-01,4.758450695620230597e+00,9.000000000000000000e+00
-7.232869864229917178e-01,7.769455965566171685e+00,9.000000000000000000e+00
2.213446154358045703e+00,-3.879711003561403526e+00,4.000000000000000000e+00
-1.652308939067177906e+00,-3.629646540998269888e+00,6.000000000000000000e+00
5.498018772986077884e+00,3.012453159227864052e+00,8.000000000000000000e+00
-4.929057845454814846e+00,-2.383817356298296719e+00,5.000000000000000000e+00
-1.050716839594984009e+01,6.156931302465437739e+00,3.000000000000000000e+00
4.947181138194881811e+00,2.511173804465573145e+00,8.000000000000000000e+00
2.540556015949879232e+00,-5.025567683520751672e+00,4.000000000000000000e+00
8.142802823060944772e-02,-3.401701393683524977e+00,6.000000000000000000e+00
-4.422873135515853704e+00,-6.510124681022047000e+00,7.000000000000000000e+00
-3.959566135411581200e+00,2.583078221000807861e+00,5.000000000000000000e+00
-7.933437868392788639e-01,-7.312520831537310251e+00,6.000000000000000000e+00
1.807032699235283646e-01,-2.387996372603381712e+00,0.000000000000000000e+00
3.492114478159527025e+00,-8.898805747322855453e+00,6.000000000000000000e+00
2.336151241676397650e+00,-3.252299001217121788e+00,4.000000000000000000e+00
4.884237614536607097e+00,-2.342902492626875333e+00,4.000000000000000000e+00
-7.665911966656039134e+00,-2.540459180446327014e+00,7.000000000000000000e+00
1.105139888229476064e+00,4.196083334875696735e+00,9.000000000000000000e+00
5.281165503111720838e+00,1.948659769831802224e+00,8.000000000000000000e+00
4.128857394515137891e+00,-1.892829523932626934e+00,4.000000000000000000e+00
3.768327137950043149e+00,9.110148671685293076e-01,8.000000000000000000e+00
-3.351442322093174386e+00,8.611569463313072603e+00,9.000000000000000000e+00
-1.642767519078098593e+00,-5.119318649290661050e+00,6.000000000000000000e+00
2.368405152942942848e+00,1.547517277786658374e+00,0.000000000000000000e+00
4.819133443133850392e+00,8.511670337672359032e-01,8.000000000000000000e+00
5.523533242901289775e+00,2.994737260662363898e+00,8.000000000000000000e+00
8.491761583802899249e-01,-7.774768782884416751e+00,6.000000000000000000e+00
-2.761750683104374104e+00,-1.987574092516380952e+00,5.000000000000000000e+00
2.767351536104174503e+00,7.088895414424950525e-01,0.000000000000000000e+00
-1.021193910149749762e+01,4.385160139953125480e+00,3.000000000000000000e+00
-8.080247209461040470e+00,-4.827306762104029425e-01,5.000000000000000000e+00
1.973314803080660651e+00,-2.575163627319647208e+00,4.000000000000000000e+00
3.312624184308176289e+00,-6.552660743510690722e+00,4.000000000000000000e+00
-6.133326230921211319e+00,-6.961933170875751919e+00,7.000000000000000000e+00
5.977909382918869419e+00,-7.078671679133947237e+00,4.000000000000000000e+00
4.836906531463615266e+00,-1.064508756945927948e+00,4.000000000000000000e+00
-3.863590525052671865e+00,8.745014570655225583e+00,9.000000000000000000e+00
-4.475066170329188671e-04,5.218611932708700607e+00,9.000000000000000000e+00
-4.881019326695751559e+00,-4.012866276463188164e+00,7.000000000000000000e+00
3.586741732704277208e+00,-4.967871162588506806e+00,4.000000000000000000e+00
-1.182212596083450862e+00,1.796001177177875885e+00,0.000000000000000000e+00
3.404786611322309753e+00,6.002886941026654988e+00,8.000000000000000000e+00
-5.474475578998227121e+00,1.811249438248321519e+00,5.000000000000000000e+00
-6.748271136462394182e+00,7.395241416068332185e-01,5.000000000000000000e+00
-2.265332469228119816e+00,-6.188665245003376114e+00,6.000000000000000000e+00
4.863946900367318804e+00,-1.017211955906660581e+00,4.000000000000000000e+00
2.120065044893305384e+00,-1.983576021403078427e+00,0.000000000000000000e+00
1.033638644955251040e+00,3.163754014088674626e+00,0.000000000000000000e+00
-3.385608740144069984e+00,3.272649067196866657e+00,5.000000000000000000e+00
4.417469388225805815e+00,-4.548064876229561015e+00,4.000000000000000000e+00
7.548952427486586014e-01,1.318475126842838074e+00,0.000000000000000000e+00
1.088960833894538105e+01,3.706175479420552143e+00,8.000000000000000000e+00
-6.005791079886990680e+00,-5.775586059680257733e+00,7.000000000000000000e+00
-4.818323066567617552e+00,-5.112302444441055194e+00,7.000000000000000000e+00
2.938173817580701286e+00,5.193473798001639885e+00,8.000000000000000000e+00
-5.221485306523758751e+00,4.687776868014887910e+00,5.000000000000000000e+00
-1.855487921551561614e+00,8.451304786877500419e-01,0.000000000000000000e+00
6.724198016117012955e+00,1.038952319329108320e+01,1.000000000000000000e+00
2.246130762514169099e+00,5.623480356719549711e+00,9.000000000000000000e+00
-6.608042821239922482e+00,4.471061564862330862e-01,5.000000000000000000e+00
3.480723932924832731e+00,-4.154017127548889299e+00,4.000000000000000000e+00
-1.758416530820777313e+00,-1.473565504459039222e+00,0.000000000000000000e+00
-4.039439492458715364e+00,1.433026146908210063e-01,5.000000000000000000e+00
3.088864687840706225e+00,9.766181107597278199e-01,0.000000000000000000e+00
4.753851745588519861e+00,2.115503750473881173e+00,8.000000000000000000e+00
-3.985723684605588790e+00,-1.109098006618575605e+00,5.000000000000000000e+00
1.406821216533714392e+00,-4.208418854441133838e+00,6.000000000000000000e+00
-4.741611483715664654e+00,-9.719032327723354570e+00,7.000000000000000000e+00
6.168761103348296082e+00,-3.544137965395063983e+00,4.000000000000000000e+00
2.459160322933876763e+00,-2.401134637234612068e+00,4.000000000000000000e+00
1.130064877613104590e+00,-1.055240966858686180e+00,0.000000000000000000e+00
-4.586728676687839901e+00,-7.452040037567659869e-01,5.000000000000000000e+00
1.446697598502515003e+00,1.815060833102117188e+00,0.000000000000000000e+00
3.538056088391694054e+00,4.200053631844985702e+00,8.000000000000000000e+00
3.047070118821560314e+00,2.499968529117888583e+00,8.000000000000000000e+00
1.332603314552965879e+00,-3.529650697689035610e+00,6.000000000000000000e+00
4.544658392100157762e+00,-6.587413269659889714e+00,4.000000000000000000e+00
-2.941888059091249730e+00,-9.918932382652830171e+00,7.000000000000000000e+00
-1.874356319406538907e+00,-4.099304230618498746e-02,0.000000000000000000e+00
8.900327978351841196e+00,2.969492119297885147e+00,8.000000000000000000e+00
4.061164492324076392e+00,-4.003708623444043879e-01,4.000000000000000000e+00
6.798373044364219631e+00,-1.181435621639287253e-01,8.000000000000000000e+00
5.551432252126109468e+00,3.154225278475064176e+00,8.000000000000000000e+00
-3.976249506582534732e+00,2.761738194376715860e+00,5.000000000000000000e+00
-3.535077233740098190e+00,3.787011176452012684e+00,9.000000000000000000e+00
-1.232028857704581881e+01,-2.629471048459446791e+00,7.000000000000000000e+00
6.080167823007961436e-01,-7.825834022500167464e+00,6.000000000000000000e+00
9.017988487804567299e+00,-3.988127709520344677e+00,4.000000000000000000e+00
-2.599525233652046463e+00,-2.693741005381985687e+00,6.000000000000000000e+00
2.506919837893632597e+00,6.560704554079578088e+00,9.000000000000000000e+00
-3.005961162578125290e+00,5.298030619515289530e+00,9.000000000000000000e+00
-2.752667111311012160e+00,-5.702368229900690366e+00,6.000000000000000000e+00
9.687360904299757713e-01,5.268321765574802029e+00,9.000000000000000000e+00
-5.162084336561945097e-01,-4.906674493071975895e+00,6.000000000000000000e+00
3.536067633588267256e+00,-4.239485422972594009e+00,4.000000000000000000e+00
9.287093665183308033e-01,4.052597903468699414e+00,9.000000000000000000e+00
-2.029879594129476494e+00,-2.587773089864389697e-01,0.000000000000000000e+00
-3.936185543057915681e-01,8.831497805107440868e+00,9.000000000000000000e+00
-1.018690107351023721e+00,-4.692231692488245898e+00,6.000000000000000000e+00
9.690704369127651763e-01,-1.386312866885758104e-02,0.000000000000000000e+00
-1.117939490414186610e+00,-1.837483029826937786e+00,0.000000000000000000e+00
3.018984423690501129e-01,-1.156772991202485112e+00,0.000000000000000000e+00
2.343865505350605005e+00,-5.267607467645847308e+00,4.000000000000000000e+00
2.300161889877434529e+00,2.515552875093026053e+00,0.000000000000000000e+00
-5.822759410078198528e+00,-3.316421153545011880e+00,7.000000000000000000e+00
4.581314997628624930e+00,-3.831189282625928172e+00,4.000000000000000000e+00
-4.272993696930000418e+00,3.421500223353213688e+00,5.000000000000000000e+00
2.903167073048162017e+00,-4.112976602593577446e+00,4.000000000000000000e+00
6.985828715521570365e-01,4.403585733082133302e+00,9.000000000000000000e+00
1.048067989093433816e+01,4.963086693016947493e+00,8.000000000000000000e+00
-2.566511282635393965e+00,3.359094475050522721e+00,9.000000000000000000e+00
6.574725705772866378e-03,-6.677721744164065720e-01,0.000000000000000000e+00
4.451426876130706312e-01,4.946869443454808390e+00,9.000000000000000000e+00
4.377852981935828502e+00,1.071796629774633303e+01,9.000000000000000000e+00
1.844693428651085210e+00,6.416797529778928144e+00,9.000000000000000000e+00
1.471177389942708025e-01,-7.928105462536738202e+00,6.000000000000000000e+00
-7.133821678180023440e-01,-9.300489103534174129e-01,0.000000000000000000e+00
-9.770787934575246858e-01,-5.151254124914306232e+00,6.000000000000000000e+00
3.325240244957919700e+00,-2.426929831848252395e+00,4.000000000000000000e+00
-5.308378970682081643e-01,2.435235125376554954e+00,0.000000000000000000e+00
-5.756757277842202924e+00,-1.095015650725398526e+00,5.000000000000000000e+00
5.972581040287963106e+00,6.297401396391372863e+00,8.000000000000000000e+00
4.135788295212234011e+00,-4.737100961652910946e+00,4.000000000000000000e+00
9.770235178395534348e-01,1.517305737916873287e+00,0.000000000000000000e+00
-3.332458374504460696e+00,3.314789347976590417e+00,5.000000000000000000e+00
3.054582479341979351e+00,2.250482426880620501e+00,8.000000000000000000e+00
6.377610185228196116e+00,-5.440343073422270415e+00,4.000000000000000000e+00
4.051771866766367580e+00,-6.662341205629100038e+00,4.000000000000000000e+00
2.110942773752732649e+00,-5.141226333398853932e+00,6.000000000000000000e+00
3.871543133425831562e-01,-6.730090081658081758e+00,6.000000000000000000e+00
-4.806367186079204323e+00,5.720994659056480636e+00,9.000000000000000000e+00
3.565039130940296896e+00,6.105789105702278396e-01,8.000000000000000000e+00
3.849928061539794388e+00,-3.493474080084092992e-01,4.000000000000000000e+00
5.065271321252732051e+00,2.410887408090687689e+00,8.000000000000000000e+00
1.068273066659274306e+01,2.960950262081647466e+00,8.000000000000000000e+00
5.620666552930780213e+00,4.267730374969821439e-01,8.000000000000000000e+00
1.608685974929258355e+00,-7.976975151107071338e-02,0.000000000000000000e+00
-3.322053755381742857e+00,4.787990284384829209e+00,9.000000000000000000e+00
-6.311303059142315597e+00,-5.714496232312984425e+00,7.000000000000000000e+00
4.195740066045617667e+00,-1.064487391199880228e+00,4.000000000000000000e+00
4.780647099451274862e+00,-8.152280556116904719e+00,4.000000000000000000e+00
-5.864340934461294008e-01,-8.623016570001130532e+00,6.000000000000000000e+00
-7.692177587134411965e-02,9.815989024047480527e+00,9.000000000000000000e+00
-2.152150112400350590e+00,-1.513029240976270673e+00,0.000000000000000000e+00
4.027849434789674277e+00,5.648630689757467849e+00,8.000000000000000000e+00
4.952857080891434727e+00,-6.729414938781670408e+00,4.000000000000000000e+00
-1.987313372473105355e+00,-5.188198675859271525e+00,6.000000000000000000e+00
3.528124068092516996e+00,-1.506291102626091449e+00,4.000000000000000000e+00
-3.321972190497739952e+00,-3.252491863049694398e+00,6.000000000000000000e+00
-3.695005106093072200e+00,8.817696311013964561e+00,9.000000000000000000e+00
-6.557464626786186024e+00,3.051147109257990486e+00,5.000000000000000000e+00
-9.254039934749986873e-01,4.274253369603418840e+00,9.000000000000000000e+00
-1.326833602951097424e+00,2.315197140802616627e+00,0.000000000000000000e+00
-2.119535350600397106e+00,-5.321882305128628587e+00,6.000000000000000000e+00
-2.704590694636126447e-01,1.493173198223887610e+00,0.000000000000000000e+00
2.508896849521027317e+00,-2.661560038211446821e-01,0.000000000000000000e+00
-5.992251939911716008e+00,-5.501167706017739967e+00,7.000000000000000000e+00
2.670307713687602114e+00,2.849879410703536342e-01,0.000000000000000000e+00
-3.979001768343590761e+00,8.042366721544379260e+00,9.000000000000000000e+00
8.219321273461925870e+00,7.041996190456712990e-01,8.000000000000000000e+00
3.775317132413603005e+00,-1.466898334976032059e+00,4.000000000000000000e+00
3.319178928702924747e+00,-3.175183254569984292e+00,4.000000000000000000e+00
-1.456654914889235763e-01,-1.377014864845160114e+00,0.000000000000000000e+00
1.577197809617084001e+00,-6.543633458869992481e+00,6.000000000000000000e+00
-1.524153713004281263e+00,-1.716553000444089649e+00,0.000000000000000000e+00
1.813191699367960874e-01,-3.525890101808733856e+00,6.000000000000000000e+00
2.413162943234029800e+00,-5.310512683626519959e+00,4.000000000000000000e+00
-1.931294804975511870e+00,6.691567022911123708e+00,9.000000000000000000e+00
-6.459802957502255971e+00,-3.071758830483333647e+00,7.000000000000000000e+00
-1.397104725323571328e+00,7.642699812689436101e+00,9.000000000000000000e+00
3.392506557671291834e+00,1.849659500140897528e+00,8.000000000000000000e+00
-1.632767298624310026e+00,-6.076954059592339696e+00,6.000000000000000000e+00
-4.828409567763001675e+00,4.629081342716204972e+00,9.000000000000000000e+00
-1.925355953777526885e+00,4.257475242162406026e+00,9.000000000000000000e+00
-4.320627718855731381e+00,7.203235369270331923e+00,9.000000000000000000e+00
-2.212480486071879859e+00,7.961605711403230146e-01,0.000000000000000000e+00
-1.096114192183337055e+00,5.766503971491844460e+00,9.000000000000000000e+00
5.083821987475709570e+00,3.968409079803727479e+00,8.000000000000000000e+00
1.763926834936313748e+00,-6.223836050166100087e+00,6.000000000000000000e+00
-2.815819815380368851e+00,-5.279029780854301857e-01,5.000000000000000000e+00
-6.069477499402763598e+00,1.167791247624321516e+00,5.000000000000000000e+00
-3.341287706648816247e+00,-6.231531127879155640e+00,7.000000000000000000e+00
-5.835005018965349066e+00,-1.159364103920503597e+00,5.000000000000000000e+00
1.048864246970061842e+01,2.655955040160726366e+00,8.000000000000000000e+00
4.986354880716952209e+00,6.455646118325343075e+00,8.000000000000000000e+00
3.231033332524762436e+00,-5.029022985906617116e-01,0.000000000000000000e+00
-1.288638005767806183e+00,-2.440733983638184057e+00,0.000000000000000000e+00
-4.068180250413107935e+00,7.590819838227900185e+00,9.000000000000000000e+00
3.415195478001221474e+00,-5.848537516433427896e+00,4.000000000000000000e+00
-4.253480274245053039e+00,-6.730902082077582449e+00,7.000000000000000000e+00
5.659650462419913097e+00,7.584932513772453255e-01,8.000000000000000000e+00
5.426545572035090359e+00,1.109853379438131116e+00,8.000000000000000000e+00
-1.405122374685460862e+00,-4.562420231853558050e+00,6.000000000000000000e+00
-3.275180047637106906e+00,-3.933951005679959145e+00,6.000000000000000000e+00
-4.668713385286201500e+00,4.990932013965540648e+00,9.000000000000000000e+00
6.870037627524125945e+00,-1.076601386231966773e+00,4.000000000000000000e+00
-4.237487501404524792e+00,2.547969623363896652e+00,5.000000000000000000e+00
5.419792530380812323e+00,6.765369893962295267e-01,8.000000000000000000e+00
5.656069957767599021e+00,-2.491152463453631061e+00,4.000000000000000000e+00
-1.975511429963762611e+00,-6.253418950774346285e+00,6.000000000000000000e+00
-1.492584618851935607e+00,-5.686447222430346393e+00,6.000000000000000000e+00
3.740442392844566921e+00,3.951951204296200171e+00,8.000000000000000000e+00
-1.951786833666887322e+00,1.320165270007840119e+00,0.000000000000000000e+00
-5.509534993976495265e+00,8.584474412395137755e-02,5.000000000000000000e+00
1.099530138254001699e+00,8.785355767860322018e+00,9.000000000000000000e+00
3.988744172846024227e+00,-2.577637458096023959e+00,4.000000000000000000e+00
-7.057718228935913274e+00,-8.219940830563728928e-01,5.000000000000000000e+00
-2.469875214910792760e+00,1.953451493306811448e+00,5.000000000000000000e+00
-3.096720101029526884e+00,3.892156123291338865e+00,9.000000000000000000e+00
-4.593938090959078124e+00,1.472449632665081110e+00,5.000000000000000000e+00
9.395734384623498414e+00,7.045602666562619243e-01,8.000000000000000000e+00
3.815368724455882710e+00,2.559539442026933731e+00,8.000000000000000000e+00
1.025308485102966216e+01,1.358088651362424182e+00,8.000000000000000000e+00
-3.015604598953974147e+00,5.545772767865402741e+00,9.000000000000000000e+00
1.958310577506159333e+00,2.436341201159527348e+00,0.000000000000000000e+00
-1.100962687843362930e+00,-2.845012683214509508e+00,6.000000000000000000e+00
6.992717655633863494e+00,2.200488700009049392e+00,8.000000000000000000e+00
1.909531467732575427e+00,-5.578356382401556957e+00,6.000000000000000000e+00
-3.565121745168596590e+00,-2.463050053164663744e+00,5.000000000000000000e+00
3.065058553828558630e+00,-6.578982796365182573e+00,4.000000000000000000e+00
-5.484459708342080297e+00,-1.908082754414127447e+00,5.000000000000000000e+00
7.570466152970527496e+00,-3.435371048207572997e+00,4.000000000000000000e+00
4.437897329771769983e-02,-2.131826310454831841e+00,0.000000000000000000e+00
-9.245889749505168398e-01,9.752265748246975730e-02,0.000000000000000000e+00
-4.536970692842203334e+00,-6.482020238527702816e+00,7.000000000000000000e+00
-3.463363030907644635e-01,-2.551509592231553381e+00,0.000000000000000000e+00
-3.185481350648857735e+00,2.439723638116962690e+00,5.000000000000000000e+00
4.398216809602381261e+00,-1.192113420761298892e+00,4.000000000000000000e+00
1.241852240402664975e+01,-3.056955901510412410e+00,4.000000000000000000e+00
5.792825710491613656e+00,-5.267073986165843325e-01,4.000000000000000000e+00
2.630824059049481800e+00,4.787274231557803184e+00,8.000000000000000000e+00
1.272928074280176602e+01,1.568314088162965447e+01,1.000000000000000000e+00
1.176627086056441307e+01,1.080476958703122925e+01,1.000000000000000000e+00
1.305984909996940502e+01,1.107696782419223425e+01,1.000000000000000000e+00
1.016663999265972862e+01,1.593929587566877260e+01,1.000000000000000000e+00
1.190405680080110251e+01,1.260218019956389135e+01,1.000000000000000000e+00
1.168880777520336700e+01,9.575769480630777153e+00,1.000000000000000000e+00
1.351314515366012081e+01,1.497761003119384071e+01,1.000000000000000000e+00
1.394034837544839966e+01,1.174712351901789020e+01,1.000000000000000000e+00
1.332351955246585540e+01,1.114340121344359957e+01,1.000000000000000000e+00
1.016975517911083848e+01,1.119447810667101528e+01,1.000000000000000000e+00
1.400341250976192775e+01,1.079169863998507495e+01,1.000000000000000000e+00
1.195938788394619756e+01,8.589366363075940924e+00,1.000000000000000000e+00
1.167494483281317308e+01,1.281591378425505923e+01,1.000000000000000000e+00
1.136522241321681115e+01,1.516152394276540605e+01,1.000000000000000000e+00
1.071835346132716005e+01,1.213677650983377276e+01,1.000000000000000000e+00
1.313974325139543353e+01,1.341643089684407464e+01,1.000000000000000000e+00
1.283941111684564973e+01,1.359508426700919870e+01,1.000000000000000000e+00
1.405423710564793360e+01,1.101812864206359421e+01,1.000000000000000000e+00
1.172938698346899855e+01,1.272971896545936232e+01,1.000000000000000000e+00
1.231107719728404071e+01,1.208411182078009993e+01,1.000000000000000000e+00
1.297377817075341966e+01,1.245057493498910972e+01,1.000000000000000000e+00
1.114734497501454058e+01,1.517936807586424486e+01,1.000000000000000000e+00
1.586938903583317995e+01,1.482252545323326842e+01,1.000000000000000000e+00
1.132674884316069885e+01,8.678848965909715218e+00,1.000000000000000000e+00
1.186981151770400267e+01,1.639687918554652413e+01,1.000000000000000000e+00
1.209922726900928858e+01,1.163196678465666167e+01,1.000000000000000000e+00
1.248235096530966715e+01,1.102712871080272805e+01,1.000000000000000000e+00
1.138090880394625692e+01,1.132687395560492583e+01,1.000000000000000000e+00
1.176223214090303237e+01,1.165615746657623752e+01,1.000000000000000000e+00
1.228802462911196614e+01,9.123140547958728419e+00,1.000000000000000000e+00
1.094955979196290485e+01,9.531779467125090832e+00,1.000000000000000000e+00
1.231516829243452982e+01,1.237221993916002027e+01,1.000000000000000000e+00
9.506619388227834477e+00,1.144167671034511891e+01,1.000000000000000000e+00
1.078558637308622181e+01,1.504315221908559863e+01,1.000000000000000000e+00
1.071912229846246056e+01,1.343949555493747816e+01,1.000000000000000000e+00
1.163972391886384372e+01,1.119854048034640925e+01,1.000000000000000000e+00
9.100432342285396103e+00,1.238920680918559647e+01,1.000000000000000000e+00
1.151320118458827402e+01,1.140553577950751141e+01,1.000000000000000000e+00
1.310667342896666909e+01,1.226721328736587679e+01,1.000000000000000000e+00
1.273545181295150108e+01,1.190878973956996489e+01,1.000000000000000000e+00
1.437066191592701969e+01,1.262505802549988410e+01,1.000000000000000000e+00
1.273078677044324536e+01,1.555114276043534005e+01,1.000000000000000000e+00
1.224882848591522588e+01,1.434476876445502569e+01,1.000000000000000000e+00
1.164428434450399230e+01,1.389440848836949982e+01,1.000000000000000000e+00
1.237767940514237530e+01,1.333207258132765105e+01,1.000000000000000000e+00
1.293439300127126934e+01,1.265569046505915196e+01,1.000000000000000000e+00
1.049281135090025074e+01,1.613921308789875653e+01,1.000000000000000000e+00
9.925213091059436721e+00,1.256143926498451080e+01,1.000000000000000000e+00
1.177878470072551309e+01,1.258185987880728973e+01,1.000000000000000000e+00
1.252753214480190458e+01,1.169341535189112413e+01,1.000000000000000000e+00
1.409333225926359212e+01,1.365901751259703367e+01,1.000000000000000000e+00
1.074671638705087595e+01,1.572929535709132942e+01,1.000000000000000000e+00
1.001616000224099778e+01,1.109516953667426442e+01,1.000000000000000000e+00
9.991838502368214137e+00,1.265636331896607913e+01,1.000000000000000000e+00
1.050791819799681015e+01,1.311240480900508487e+01,1.000000000000000000e+00
1.376561682733197678e+01,1.022771582417870384e+01,1.000000000000000000e+00
1.161044051655906806e+01,1.390657913659327960e+01,1.000000000000000000e+00
1.203683571058270374e+01,1.049867990441376620e+01,1.000000000000000000e+00
1.078211963754500680e+01,1.651014081127315336e+01,1.000000000000000000e+00
1.059762415169490346e+01,1.189576464277959111e+01,1.000000000000000000e+00
1.387053291930858023e+01,1.173813898673380329e+01,1.000000000000000000e+00
1.006728852068594726e+01,1.463776900371799172e+01,1.000000000000000000e+00
8.092837157879820609e+00,1.545980349711720514e+01,1.000000000000000000e+00
1.035943276648063360e+01,1.096977439675392141e+01,1.000000000000000000e+00
1.198633282786500232e+01,1.101881087322599129e+01,1.000000000000000000e+00
1.020951040954178346e+01,1.211801410316477323e+01,1.000000000000000000e+00
1.273556338485667538e+01,1.072088576029888607e+01,1.000000000000000000e+00
1.317517806420242188e+01,1.019576794259095287e+01,1.000000000000000000e+00
1.397749936738854259e+01,9.016769029825175252e+00,1.000000000000000000e+00
1.238754371516859720e+01,1.486515115387396158e+01,1.000000000000000000e+00
1.065152458151522730e+01,1.417902713131762660e+01,1.000000000000000000e+00
1.298450282364173880e+01,1.265029085146816001e+01,1.000000000000000000e+00
1.112462980558892411e+01,1.164944785431550400e+01,1.000000000000000000e+00
1.465107117295746697e+01,1.083390561792425366e+01,1.000000000000000000e+00
9.993604024482664272e+00,1.188210684457717647e+01,1.000000000000000000e+00
1.338965963757011757e+01,8.709651496270861770e+00,1.000000000000000000e+00
1.361843668965366483e+01,1.179530621323428363e+01,1.000000000000000000e+00
1.349341995084077972e+01,1.089196110211176816e+01,1.000000000000000000e+00
1.112706761270558431e+01,1.322887937174792405e+01,1.000000000000000000e+00
1.003120612167183623e+01,1.405450717363935809e+01,1.000000000000000000e+00
1.353389717776733114e+01,1.036003377973831618e+01,1.000000000000000000e+00
1.169794425319260256e+01,1.011931863215485805e+01,1.000000000000000000e+00
1.124400495312796799e+01,1.274142077798054729e+01,1.000000000000000000e+00
1.128403858895318734e+01,1.242628122320452455e+01,1.000000000000000000e+00
1.088635510495914183e+01,1.106628465834498876e+01,1.000000000000000000e+00
9.921789461874901406e+00,1.340165031726491662e+01,1.000000000000000000e+00
1.136142680146583572e+01,1.254819037953439320e+01,1.000000000000000000e+00
1.007287934210372171e+01,1.214367015933097527e+01,1.000000000000000000e+00
1.201426984376197993e+01,1.148141260812928977e+01,1.000000000000000000e+00
1.166156039175408843e+01,1.094663220280282623e+01,1.000000000000000000e+00
8.720403852615771001e+00,1.077197795079859333e+01,1.000000000000000000e+00
8.610211787886425938e+00,9.120113394830113407e+00,1.000000000000000000e+00
1.117326386259137294e+01,1.088554057802656949e+01,1.000000000000000000e+00
9.768325119707711224e+00,1.055864693690725709e+01,1.000000000000000000e+00
8.047008174770819977e+00,1.125471928725996662e+01,1.000000000000000000e+00
1.067646161984854558e+01,1.242260923295582309e+01,1.000000000000000000e+00
1.127505096703757381e+01,1.058558123544964680e+01,1.000000000000000000e+00
1.239544160903970393e+01,1.359542853404880525e+01,1.000000000000000000e+00
1.309713373388313862e+01,1.207639358009579311e+01,1.000000000000000000e+00
1.405373476300346525e+01,1.076575698845186935e+01,1.000000000000000000e+00
9.794184096716488597e+00,1.427004668225164075e+01,1.000000000000000000e+00
1.036892181652384615e+01,1.456497736285190925e+01,1.000000000000000000e+00
1.111540324749227970e+01,1.085366179463759551e+01,1.000000000000000000e+00
1.047568140072978515e+01,1.222195422898478334e+01,1.000000000000000000e+00
1.133501668567807030e+01,1.257981263617014100e+01,1.000000000000000000e+00
1.317113065735088284e+01,1.211567536049976646e+01,1.000000000000000000e+00
1.254918788096129845e+01,1.330754689670670032e+01,1.000000000000000000e+00
1.316656974853935225e+01,9.041276545837204637e+00,1.000000000000000000e+00
8.992965150938797336e+00,1.179931426956795271e+01,1.000000000000000000e+00
1.153706167157427132e+01,1.064274746946681560e+01,1.000000000000000000e+00
1.267542472134071652e+01,1.098004230940845716e+01,1.000000000000000000e+00
1.271957373084855902e+01,1.281305743037309242e+01,1.000000000000000000e+00
1.289389015773309666e+01,1.230054946261241788e+01,1.000000000000000000e+00
1.292024168106132365e+01,1.449664110423147179e+01,1.000000000000000000e+00
1.345374533895690661e+01,1.038754939478947570e+01,1.000000000000000000e+00
1.241181087739681210e+01,1.306218690553822093e+01,1.000000000000000000e+00
9.326499335651707412e+00,1.284274733788739908e+01,1.000000000000000000e+00
1.141152728463270094e+01,1.380799681806614743e+01,1.000000000000000000e+00
1.355771974283246273e+01,1.386948805656573214e+01,1.000000000000000000e+00
1.462950079161543293e+01,1.169834894725525487e+01,1.000000000000000000e+00
1.176372520925091969e+01,1.117525651459705394e+01,1.000000000000000000e+00
1.003162549960639538e+01,9.669763562780282484e+00,1.000000000000000000e+00
1.163579817050980125e+01,1.039216197891749083e+01,1.000000000000000000e+00
1.132930053503773493e+01,9.132458305509803864e+00,1.000000000000000000e+00
1.201494392182833870e+01,1.262633054652256703e+01,1.000000000000000000e+00
1.099504727439161478e+01,1.144362508851867233e+01,1.000000000000000000e+00
1.325659542315243833e+01,1.281045423519950432e+01,1.000000000000000000e+00
1.131179945699106071e+01,1.084900148140581244e+01,1.000000000000000000e+00
1.385242681865776504e+01,1.165687417595068887e+01,1.000000000000000000e+00
8.752224467224268167e+00,1.035302052127477523e+01,1.000000000000000000e+00
1.376328711942634264e+01,1.292939024866803521e+01,1.000000000000000000e+00
1.098566976381253468e+01,1.186145665431683760e+01,1.000000000000000000e+00
1.312015213271890168e+01,1.246040400192287834e+01,1.000000000000000000e+00
1.000004215547845021e+01,1.089691005609130769e+01,1.000000000000000000e+00
1.160190494802242611e+01,1.133269223152132099e+01,1.000000000000000000e+00
8.248083959750042382e+00,9.368507651034001071e+00,1.000000000000000000e+00
1.379079916274657691e+01,1.158313029135531913e+01,1.000000000000000000e+00
1.185264297935871269e+01,6.927170908534880489e+00,1.000000000000000000e+00
1.263598454543249616e+01,9.573114531529805404e+00,1.000000000000000000e+00
1.235916329179355522e+01,9.320686079703165206e+00,1.000000000000000000e+00
1.029956799002825996e+01,1.099029119558636758e+01,1.000000000000000000e+00
1.095993465716741966e+01,1.174328664369566688e+01,1.000000000000000000e+00
1.305574596350767891e+01,1.524732965290134601e+01,1.000000000000000000e+00
1.140638567101046519e+01,1.416472618665983063e+01,1.000000000000000000e+00
9.289588177201499875e+00,1.268468073786445416e+01,1.000000000000000000e+00
1.246562295631551542e+01,1.170098311478709263e+01,1.000000000000000000e+00
1.443203992217597431e+01,1.029449228401207428e+01,1.000000000000000000e+00
9.485925907556010728e+00,9.041555233754040799e+00,1.000000000000000000e+00
1.442502545968375394e+01,1.171887730203399158e+01,1.000000000000000000e+00
1.018003065936693652e+01,1.493887261820265167e+01,1.000000000000000000e+00
1.253468479540871527e+01,8.649072186257980022e+00,1.000000000000000000e+00
1.058661675116447398e+01,1.073417285695156664e+01,1.000000000000000000e+00
1.237112095878109486e+01,9.595421658539637022e+00,1.000000000000000000e+00
1.332232689343984688e+01,1.073113479914694501e+01,1.000000000000000000e+00
1.331881835598436759e+01,1.139165308765486628e+01,1.000000000000000000e+00
1.253994391839017197e+01,1.122594623746456577e+01,1.000000000000000000e+00
1.263400000275073332e+01,1.096360920344734069e+01,1.000000000000000000e+00
1.305178454631284524e+01,1.238823054797694567e+01,1.000000000000000000e+00
1.271075095362615137e+01,1.019884275426296583e+01,1.000000000000000000e+00
1.370953224512509117e+01,1.128113863009611251e+01,1.000000000000000000e+00
8.565963963231592260e+00,1.018214631171892570e+01,1.000000000000000000e+00
1.121086554559759207e+01,9.534561279911686782e+00,1.000000000000000000e+00
1.357939049468377490e+01,1.156811414563347462e+01,1.000000000000000000e+00
1.062768118763967884e+01,1.154682954705984343e+01,1.000000000000000000e+00
1.205524064431572207e+01,1.530727019892187002e+01,1.000000000000000000e+00
8.932278868514584858e+00,1.487613426690462504e+01,1.000000000000000000e+00
1.169270462033294677e+01,1.072278246805737467e+01,1.000000000000000000e+00
1.223978367056255578e+01,1.039326460589799161e+01,1.000000000000000000e+00
1.205461509285271582e+01,9.850120012356967436e+00,1.000000000000000000e+00
7.878238716341716241e+00,1.235936666979836751e+01,1.000000000000000000e+00
1.042984102004541569e+01,1.535928753077625153e+01,1.000000000000000000e+00
1.307271543604640307e+01,1.086795751294595291e+01,1.000000000000000000e+00
1.400894295595364270e+01,1.005314630783062135e+01,1.000000000000000000e+00
1.249336212963515891e+01,1.308945728953439414e+01,1.000000000000000000e+00
1.105414363537818545e+01,1.099474682766771849e+01,1.000000000000000000e+00
1.087740467634325015e+01,1.012254961917616569e+01,1.000000000000000000e+00
1.225913168365429051e+01,1.357547880061052581e+01,1.000000000000000000e+00
1.262078636611227012e+01,1.264164937239118203e+01,1.000000000000000000e+00
1.411146773219083528e+01,1.302847936630856296e+01,1.000000000000000000e+00
1.309964580030268166e+01,1.192058884883355852e+01,1.000000000000000000e+00
1.019776676337807153e+01,1.251210452871341161e+01,1.000000000000000000e+00
1.120350955201656440e+01,1.343957255591764266e+01,1.000000000000000000e+00
1.172882174930633781e+01,1.243988175401569052e+01,1.000000000000000000e+00
1.011589259851164968e+01,1.056035106527648182e+01,1.000000000000000000e+00
1.194313288346274682e+01,1.016467921299958910e+01,1.000000000000000000e+00
1.221642723174086242e+01,1.277798354535132042e+01,1.000000000000000000e+00
1.038265986245333927e+01,1.226939649609109928e+01,1.000000000000000000e+00
1.582444436966762602e+01,1.316255749375498141e+01,1.000000000000000000e+00
1.446584760249876922e+01,9.591107590980580966e+00,1.000000000000000000e+00
1.361082904690808526e+01,9.458478259400573407e+00,1.000000000000000000e+00
1.155704441052230358e+01,9.763621344314170614e+00,1.000000000000000000e+00
1.095483177194162216e+01,1.195602662455099185e+01,1.000000000000000000e+00
9.191321905611969711e+00,9.452198208513642896e+00,1.000000000000000000e+00
1.389696626983777961e+01,1.226812468917154142e+01,1.000000000000000000e+00
1.264948205134228587e+01,1.218208869202245204e+01,1.000000000000000000e+00
9.667612522312765577e+00,1.130728075946093192e+01,1.000000000000000000e+00
1.685645634224771783e+01,9.762690234786459698e+00,1.000000000000000000e+00
1.072314254622927798e+01,1.234075630664704804e+01,1.000000000000000000e+00
1.139514552630285138e+01,9.817273298112127122e+00,1.000000000000000000e+00
1.334733635579214450e+01,1.410701953744400683e+01,1.000000000000000000e+00
-1.329034853147576456e+01,1.272775210921441058e+01,2.000000000000000000e+00
-8.770093432587829696e+00,9.433082068465100889e+00,3.000000000000000000e+00
-9.806762556950248566e+00,1.234572314605131105e+01,2.000000000000000000e+00
-1.204453803405200318e+01,1.165153139939028648e+01,2.000000000000000000e+00
-1.506556853122499895e+01,1.375548094118616760e+01,2.000000000000000000e+00
-1.288051163540907140e+01,9.638045105957228742e+00,3.000000000000000000e+00
-1.124780275045723243e+01,1.089496713643348613e+01,3.000000000000000000e+00
-1.113865575417981191e+01,1.304136180626742458e+01,2.000000000000000000e+00
-1.533778500404273260e+01,9.285651296279871403e+00,3.000000000000000000e+00
-1.473626416488021462e+01,9.511825070744167832e+00,3.000000000000000000e+00
-9.569434332527297471e+00,1.083042105540737055e+01,3.000000000000000000e+00
-1.191411341407581759e+01,1.315204810184941131e+01,2.000000000000000000e+00
-1.466065747199847280e+01,8.646509007237257904e+00,3.000000000000000000e+00
-1.489536489482841475e+01,1.233859257111761387e+01,2.000000000000000000e+00
-1.321828944927066729e+01,1.367472147205571709e+01,2.000000000000000000e+00
-1.151477425313162861e+01,1.455204001466747954e+01,2.000000000000000000e+00
-1.176126872363218467e+01,1.199628189785915033e+01,2.000000000000000000e+00
-1.078700272779277824e+01,1.077931169916616838e+01,3.000000000000000000e+00
-1.196038101325657266e+01,9.259296709136425108e+00,3.000000000000000000e+00
-1.302822015353600626e+01,9.912504674458054055e+00,3.000000000000000000e+00
-9.533637442384414129e+00,1.087325877128699858e+01,3.000000000000000000e+00
-9.697311864889211819e+00,1.127731995955173616e+01,3.000000000000000000e+00
-1.122230259409097286e+01,1.272011563228828024e+01,2.000000000000000000e+00
-1.481995049200084402e+01,9.291893534342527516e+00,3.000000000000000000e+00
-1.431286160111448424e+01,9.418891280727208937e+00,3.000000000000000000e+00
-1.140119403323910241e+01,1.430930507748488978e+01,2.000000000000000000e+00
-9.160228371626395472e+00,1.015893324800321729e+01,3.000000000000000000e+00
-1.089114351991253926e+01,1.263795823550891662e+01,2.000000000000000000e+00
-1.468919405141302192e+01,1.329864947986594537e+01,2.000000000000000000e+00
-9.744974775327818861e+00,1.390897686015409107e+01,2.000000000000000000e+00
-1.145459932983026974e+01,1.177283348975630872e+01,2.000000000000000000e+00
-1.082932259809882147e+01,1.303180158788049958e+01,2.000000000000000000e+00
-1.263815981791103304e+01,1.353150146115869390e+01,2.000000000000000000e+00
-1.326929228081418977e+01,1.098708595743909378e+01,3.000000000000000000e+00
-1.293361457266531289e+01,9.972431915880179076e+00,3.000000000000000000e+00
-1.355041317676563217e+01,1.191705194717106941e+01,2.000000000000000000e+00
-1.199817872654635131e+01,1.266044014682813312e+01,2.000000000000000000e+00
-1.050379173009339873e+01,1.250273593625582258e+01,2.000000000000000000e+00
-1.507276230517748417e+01,1.283491910330737973e+01,2.000000000000000000e+00
-1.180907805620897300e+01,1.374366212742532589e+01,2.000000000000000000e+00
-9.963052032595378193e+00,1.216846298675633875e+01,2.000000000000000000e+00
-1.024110030757939782e+01,1.346829311129623363e+01,2.000000000000000000e+00
-1.432200384918106373e+01,1.389855151984670023e+01,2.000000000000000000e+00
-1.193342335994752546e+01,1.569185233486875219e+01,2.000000000000000000e+00
-1.274777834036819257e+01,1.316894085875257403e+01,2.000000000000000000e+00
-1.025156470046725232e+01,9.452073810314360003e+00,3.000000000000000000e+00
-1.058041965182453659e+01,1.345714612373170382e+01,2.000000000000000000e+00
-1.038639853868406071e+01,1.351847256958042109e+01,2.000000000000000000e+00
-1.325462403517629362e+01,1.177280325641667069e+01,2.000000000000000000e+00
-7.830657747202062424e+00,8.945023818358526668e+00,3.000000000000000000e+00
-1.335758809757772703e+01,1.535015579025288446e+01,2.000000000000000000e+00
-1.206189257762708067e+01,9.757303289125783152e+00,3.000000000000000000e+00
-9.875769213257957091e+00,1.172688730280555447e+01,2.000000000000000000e+00
-1.250595334008631454e+01,1.381424996435418251e+01,2.000000000000000000e+00
-8.303293836176695919e+00,1.022101918193859404e+01,3.000000000000000000e+00
-1.070559458951189846e+01,1.124255465555728151e+01,3.000000000000000000e+00
-1.107238429236031685e+01,1.125294101714517048e+01,3.000000000000000000e+00
-1.068519143682471295e+01,8.481432128375102408e+00,3.000000000000000000e+00
-1.473596562202909510e+01,1.011233833978922370e+01,3.000000000000000000e+00
-1.125163582742102619e+01,1.038922442328871298e+01,3.000000000000000000e+00
-1.319477078073751386e+01,1.000550695973775994e+01,3.000000000000000000e+00
-9.758149308307661585e+00,1.058507419086279455e+01,3.000000000000000000e+00
-1.472623298095972544e+01,1.418387512865762545e+01,2.000000000000000000e+00
-1.090923495624554462e+01,1.182387678871515213e+01,2.000000000000000000e+00
-1.450337103886144696e+01,8.031676273965484114e+00,3.000000000000000000e+00
-1.134038030032555433e+01,1.213690422359897525e+01,2.000000000000000000e+00
-1.381373042882318103e+01,1.339678880455837628e+01,2.000000000000000000e+00
-1.154453740299834230e+01,1.537086777832452356e+01,2.000000000000000000e+00
-1.138548390055105131e+01,9.061814211604277247e+00,3.000000000000000000e+00
-9.332910472258751255e+00,1.313199542442078105e+01,2.000000000000000000e+00
-1.253976401570029431e+01,1.179231578483111775e+01,2.000000000000000000e+00
-1.155216001761012734e+01,1.220836696652951758e+01,2.000000000000000000e+00
-1.270481108384228008e+01,1.205177586098115228e+01,2.000000000000000000e+00
-1.245488444684444396e+01,1.294704120949473669e+01,2.000000000000000000e+00
-1.228817369022407213e+01,9.490462317465528486e+00,3.000000000000000000e+00
-1.286409183195637773e+01,1.442928179905162622e+01,2.000000000000000000e+00
-1.088853818003783402e+01,1.510011950865505881e+01,2.000000000000000000e+00
-1.150589888587678544e+01,1.187281522521661081e+01,2.000000000000000000e+00
-1.265102629419900815e+01,1.258500931317393956e+01,2.000000000000000000e+00
-1.353655297817307179e+01,1.340602805204934178e+01,2.000000000000000000e+00
-1.507341204833864623e+01,1.389096449200144612e+01,2.000000000000000000e+00
-1.112532793068411330e+01,1.249383974217496096e+01,2.000000000000000000e+00
-1.291852350980229858e+01,1.162956454316705646e+01,2.000000000000000000e+00
-1.347198681655587826e+01,1.209820232369598791e+01,2.000000000000000000e+00
-1.213713492661437421e+01,1.078080629352344388e+01,3.000000000000000000e+00
-1.252857081144291129e+01,1.146691076794201791e+01,2.000000000000000000e+00
-9.670903112063093943e+00,1.108797304343059942e+01,3.000000000000000000e+00
-1.171671468208318778e+01,1.224691661297381273e+01,2.000000000000000000e+00
-1.264920361489433454e+01,1.156927350378214037e+01,2.000000000000000000e+00
-9.826269739376094492e+00,1.186052001855372140e+01,2.000000000000000000e+00
-1.558828320654065891e+01,1.341409499989614140e+01,2.000000000000000000e+00
-1.101014430102338437e+01,1.253819277055312575e+01,2.000000000000000000e+00
-1.229112400273227657e+01,1.152155013161298491e+01,2.000000000000000000e+00
-1.279329319481712979e+01,1.100310611389179805e+01,3.000000000000000000e+00
-1.207736708809541426e+01,1.064481266006474591e+01,3.000000000000000000e+00
-1.275322004168737422e+01,1.214595752168070497e+01,2.000000000000000000e+00
-1.179984368978019660e+01,1.066335313936999185e+01,3.000000000000000000e+00
-1.300787298115842994e+01,1.398218475520354964e+01,2.000000000000000000e+00
-9.908740405560429565e+00,1.387530157725119651e+01,2.000000000000000000e+00
-9.909551072720283571e+00,1.307585653518650837e+01,2.000000000000000000e+00
-1.245045783663791106e+01,1.227414480406688924e+01,2.000000000000000000e+00
-1.306032763447712064e+01,1.304181249508059359e+01,2.000000000000000000e+00
-1.021100564230610708e+01,7.567066892983233650e+00,3.000000000000000000e+00
-1.352612820754489498e+01,9.704898554249027143e+00,3.000000000000000000e+00
-1.302263408884764573e+01,1.049919997431134000e+01,3.000000000000000000e+00
-1.241145090868989342e+01,1.226278068511478558e+01,2.000000000000000000e+00
-1.217818457279633648e+01,1.093185229362766009e+01,3.000000000000000000e+00
-1.231126059941864703e+01,9.296919993148813788e+00,3.000000000000000000e+00
-9.109240198229379359e+00,1.368548552740664448e+01,2.000000000000000000e+00
-1.339967260344018030e+01,1.105263110294128737e+01,3.000000000000000000e+00
-1.365383825197246104e+01,1.119659501414407465e+01,2.000000000000000000e+00
-1.121867640575369762e+01,1.319664299814621700e+01,2.000000000000000000e+00
-1.035422636996667478e+01,1.422591639613913017e+01,2.000000000000000000e+00
-1.112462206132144260e+01,1.454266634669517266e+01,2.000000000000000000e+00
-1.376697884662273452e+01,1.243059143274812328e+01,2.000000000000000000e+00
-1.038289586434521183e+01,1.040400186814790295e+01,3.000000000000000000e+00
-1.350746247048398629e+01,1.335311319473744263e+01,2.000000000000000000e+00
-1.180126941081771363e+01,8.844709737160160401e+00,3.000000000000000000e+00
-1.569639329035867270e+01,1.181404271465531863e+01,2.000000000000000000e+00
-7.449358166222589617e+00,1.360229009853039805e+01,2.000000000000000000e+00
-1.144150691190137259e+01,1.386924729513883747e+01,2.000000000000000000e+00
-1.256258320745110701e+01,1.353015358357817099e+01,2.000000000000000000e+00
-1.237869683664540865e+01,1.278970287813080198e+01,2.000000000000000000e+00
-1.035847033627071490e+01,1.278610726636760653e+01,2.000000000000000000e+00
-1.464950046270418227e+01,1.054234106459879428e+01,3.000000000000000000e+00
-1.334811253636603823e+01,1.187110969620208323e+01,2.000000000000000000e+00
-1.165131298430740969e+01,1.261161610561887336e+01,2.000000000000000000e+00
-1.108401703161915819e+01,1.477148228462952950e+01,2.000000000000000000e+00
-1.095823889147890995e+01,1.423248226725986498e+01,2.000000000000000000e+00
-9.320415272007361196e+00,1.472937734330736603e+01,2.000000000000000000e+00
-1.425118196378678093e+01,1.081971064618610789e+01,3.000000000000000000e+00
-1.128756235523170837e+01,1.307089974853317038e+01,2.000000000000000000e+00
-1.376868023582452771e+01,1.172995229858590704e+01,2.000000000000000000e+00
-1.536140997495049021e+01,1.277351004321659822e+01,2.000000000000000000e+00
-1.001587325969734721e+01,1.075144740046505198e+01,3.000000000000000000e+00
-1.023341487646123937e+01,1.122404034886476332e+01,3.000000000000000000e+00
-1.114600763008670903e+01,1.291474516540222872e+01,2.000000000000000000e+00
-1.354694957576330161e+01,1.143492861910307745e+01,2.000000000000000000e+00
-1.139213508933730878e+01,1.390911868513696881e+01,2.000000000000000000e+00
-8.430972374443076234e+00,1.421459335661364776e+01,2.000000000000000000e+00
-1.384619746083227021e+01,1.227872744782266423e+01,2.000000000000000000e+00
-9.199756354651531964e+00,1.364519852802302502e+01,2.000000000000000000e+00
-1.080422557222640023e+01,1.125504819914408827e+01,3.000000000000000000e+00
-1.374522838271046510e+01,1.269600095452924293e+01,2.000000000000000000e+00
-1.183032460149838805e+01,1.595552945105572284e+01,2.000000000000000000e+00
-1.124504678293312665e+01,1.164744747538707870e+01,2.000000000000000000e+00
-1.180358594190813371e+01,1.280192098360450537e+01,2.000000000000000000e+00
-1.290838488969350095e+01,1.553237072728016699e+01,2.000000000000000000e+00
-1.149894107346623962e+01,1.259979843560671320e+01,2.000000000000000000e+00
-1.424143544055540112e+01,1.237360037651545319e+01,2.000000000000000000e+00
-1.260345585655241329e+01,1.468946742846408426e+01,2.000000000000000000e+00
-1.317896112171131584e+01,1.334025299859136915e+01,2.000000000000000000e+00
-1.225185923816710698e+01,1.246549564058133797e+01,2.000000000000000000e+00
-9.444018993739392798e+00,1.343130165922396557e+01,2.000000000000000000e+00
-1.039213624282712622e+01,1.041381240804097530e+01,3.000000000000000000e+00
-1.094455511677421100e+01,9.353041354051249812e+00,3.000000000000000000e+00
-1.091336340042186492e+01,1.175871934517888562e+01,2.000000000000000000e+00
-1.273549881728829192e+01,1.081296861805682852e+01,3.000000000000000000e+00
-8.377338901882257716e+00,1.316693923989809356e+01,2.000000000000000000e+00
-1.259360198848071377e+01,1.446321813871566242e+01,2.000000000000000000e+00
-1.072997731230279861e+01,1.178795592540144099e+01,2.000000000000000000e+00
-1.061029045296081108e+01,1.410743822066894282e+01,2.000000000000000000e+00
-1.319009718060124747e+01,1.030468434221292107e+01,3.000000000000000000e+00
-6.307398587709548643e+00,1.353965902462191906e+01,2.000000000000000000e+00
-1.200482355588028227e+01,1.340009054835532254e+01,2.000000000000000000e+00
-9.807715183391698233e+00,9.635257862402216489e+00,3.000000000000000000e+00
-9.975175370054044421e+00,1.204524411302118025e+01,2.000000000000000000e+00
-8.550090096955013763e+00,1.087715827451000727e+01,3.000000000000000000e+00
-1.043603161246640099e+01,1.015987933438687207e+01,3.000000000000000000e+00
-1.465167922509884946e+01,1.228618686234666058e+01,2.000000000000000000e+00
-1.016122621759594224e+01,1.177908167567523989e+01,2.000000000000000000e+00
-1.087116821055752247e+01,1.379481464446803685e+01,2.000000000000000000e+00
-1.278958051352264924e+01,1.652039186204681442e+01,2.000000000000000000e+00
-1.262375624389443374e+01,1.423474153083789240e+01,2.000000000000000000e+00
-1.101750562844214620e+01,1.192917010513373732e+01,2.000000000000000000e+00
-1.052061357182844503e+01,1.229719671552803817e+01,2.000000000000000000e+00
-1.123914817723678716e+01,1.494706545344559778e+01,2.000000000000000000e+00
-1.317171568833310857e+01,1.122899465811731012e+01,2.000000000000000000e+00
-1.183092807046685557e+01,1.195731733197260027e+01,2.000000000000000000e+00
-1.354853920058380901e+01,1.129681782941378110e+01,2.000000000000000000e+00
-9.455219754059184467e+00,1.345272347996556128e+01,2.000000000000000000e+00
-1.130015249177239411e+01,7.989246750123667695e+00,3.000000000000000000e+00
-1.068791013796872846e+01,1.080023520959878702e+01,3.000000000000000000e+00
-1.327691902251632072e+01,1.209140820196594923e+01,2.000000000000000000e+00
-1.385531859662753895e+01,1.181946141364074165e+01,2.000000000000000000e+00
-1.193028629264788520e+01,9.976633257725444182e+00,3.000000000000000000e+00
-1.230546299865145876e+01,1.493309114961277118e+01,2.000000000000000000e+00
-1.496189888024529324e+01,1.404710063238066553e+01,2.000000000000000000e+00
-1.085203526051626888e+01,1.221697848380344631e+01,2.000000000000000000e+00
-1.139000554381917318e+01,1.199399670633946613e+01,2.000000000000000000e+00
-1.188790964377480286e+01,1.202256223724043416e+01,2.000000000000000000e+00
-1.039572032293465220e+01,1.289436419888945906e+01,2.000000000000000000e+00
-1.391480782304264707e+01,1.417199915993795578e+01,2.000000000000000000e+00
-1.216689067017462200e+01,1.488108997566493841e+01,2.000000000000000000e+00
-1.071892479414253252e+01,1.399823788610055786e+01,2.000000000000000000e+00
-1.234904982142699303e+01,1.001614527563853585e+01,3.000000000000000000e+00
-1.126656933464088439e+01,1.196088354085973826e+01,2.000000000000000000e+00
-9.894914861949928309e+00,1.562117039882318004e+01,2.000000000000000000e+00
-1.288256552320702397e+01,9.805436430803478487e+00,3.000000000000000000e+00
-1.377052220946475458e+01,1.456766469028050714e+01,2.000000000000000000e+00
