-5.028761224404920682e-01,-4.787105640481997826e-01,1.000000000000000000e+00
-3.576773929667076968e-01,4.506261333839607808e+00,1.000000000000000000e+00
-6.768201599056360429e-01,6.161106102502902360e-01,1.000000000000000000e+00
9.076277045502997298e-01,4.263986929182692620e+00,1.000000000000000000e+00
7.944199116039670550e+00,6.858963472357073599e+00,1.000000000000000000e+00
-5.587875691067020867e+00,-1.602052629358152736e+00,1.000000000000000000e+00
-2.270894746501795236e+00,-2.701065967847207983e+00,1.000000000000000000e+00
-7.033139533093416773e+00,-1.472666366513557534e-01,1.000000000000000000e+00
3.784152563518827783e-01,-8.424335312929985164e+00,1.000000000000000000e+00
4.728180995309997137e+00,3.332409978631773129e+00,1.000000000000000000e+00
-1.035160588873561771e+00,5.591417206403233031e+00,1.000000000000000000e+00
4.648940417118487822e+00,5.441669385530103931e+00,1.000000000000000000e+00
-1.973414361092044489e+00,4.134045743453302890e+00,1.000000000000000000e+00
-2.914047313969648556e+00,2.097450290142898854e+00,1.000000000000000000e+00
7.724725962122425571e+00,-3.599725114755685684e+00,1.000000000000000000e+00
2.259603854137186840e-01,4.912790844991486772e+00,1.000000000000000000e+00
-1.048984939545002248e+01,-8.362823788266126712e+00,1.000000000000000000e+00
3.706460929917375413e+00,7.459817109079783570e+00,1.000000000000000000e+00
6.273137379151714654e+00,1.738868700113098409e-01,1.000000000000000000e+00
-5.052347390056421972e-01,3.577209515339335066e+00,1.000000000000000000e+00
-4.229226589127701885e+00,3.439677487528089550e+00,1.000000000000000000e+00
1.493981099925352440e+00,-4.568639572887492228e+00,1.000000000000000000e+00
3.352720570501157127e+00,1.134237657487032180e+01,1.000000000000000000e+00
-5.444372156342884850e+00,-5.144376707234857848e-01,1.000000000000000000e+00
8.368544496709923175e-01,3.291260631293486671e+00,1.000000000000000000e+00
-4.053096641641472431e+00,-6.684733114427158895e+00,1.000000000000000000e+00
-1.910035672105076854e+00,9.827517945722391568e-01,1.000000000000000000e+00
7.071158522073803354e+00,5.243778723079200788e+00,1.000000000000000000e+00
7.181158523678053962e-01,-2.928617954770599052e+00,1.000000000000000000e+00
-3.616344434547023923e+00,9.338690633743507163e-01,1.000000000000000000e+00
1.728710383033640607e-01,7.353245143051293731e+00,1.000000000000000000e+00
-2.793333053363366236e+00,6.595906022189292450e+00,1.000000000000000000e+00
-2.001148357014916890e+00,1.258334276893610415e+01,1.000000000000000000e+00
7.527035471092037300e-01,-6.169347104054961201e-02,1.000000000000000000e+00
-2.322584421245041733e-02,-5.006212183145791528e+00,1.000000000000000000e+00
-4.081217510179947716e+00,-5.075221044069399667e+00,1.000000000000000000e+00
-5.271310493191993629e+00,5.802630382597874892e+00,1.000000000000000000e+00
-4.696420699750317063e+00,-6.084166263663298047e+00,1.000000000000000000e+00
-2.213475488214129427e+00,-4.304539173460401713e+00,1.000000000000000000e+00
-1.293368590303040655e+01,1.212134245011016853e+00,1.000000000000000000e+00
3.868050660297192023e-01,-7.091111135462259796e+00,1.000000000000000000e+00
2.190254436540422844e+00,3.060559652708878531e+00,1.000000000000000000e+00
-7.692676224142471764e-01,5.775877665137173267e+00,1.000000000000000000e+00
2.288773330529904726e+00,-2.059179461738249728e-01,1.000000000000000000e+00
-3.481266229659443212e+00,5.828600165477565653e+00,1.000000000000000000e+00
-6.864321724457370877e+00,-9.319931752637300448e+00,1.000000000000000000e+00
4.135623246924110319e+00,-2.102877507314826033e+00,1.000000000000000000e+00
3.418460155772573117e+00,1.370715490372706569e+00,1.000000000000000000e+00
-5.779200115890007483e-01,1.381252787954683869e+00,1.000000000000000000e+00
-2.526596069641448228e+00,9.093107776919204355e+00,1.000000000000000000e+00
4.097488301519069509e+00,9.029490890871780806e+00,1.000000000000000000e+00
5.168163080315895996e+00,7.555465681304119663e+00,1.000000000000000000e+00
-9.746198145051328865e+00,-4.386366479559520748e+00,1.000000000000000000e+00
2.011552696705594556e+00,3.779296882312746408e+00,1.000000000000000000e+00
-2.110635006790661183e+00,5.067427265721191176e+00,1.000000000000000000e+00
-2.749486215587746418e+00,-1.792158249470544806e+00,1.000000000000000000e+00
-5.964247600878985089e+00,-5.689220202610020927e+00,1.000000000000000000e+00
2.747607469165072244e-02,-3.297926485978679434e+00,1.000000000000000000e+00
4.044943941829971301e+00,4.170671594492650236e+00,1.000000000000000000e+00
-5.715798503000297792e+00,6.446208764217683296e+00,1.000000000000000000e+00
-5.711768916542953711e+00,5.732187451022954683e+00,1.000000000000000000e+00
4.172239638834247089e+00,1.817981631598852621e+00,1.000000000000000000e+00
4.647642100617165539e+00,-4.219653839163086673e+00,1.000000000000000000e+00
6.326909503523833855e+00,-5.108568928962351485e+00,1.000000000000000000e+00
4.120976845777756914e+00,3.099131939411834402e+00,1.000000000000000000e+00
-4.281912015060793664e+00,-3.246265605313640723e+00,1.000000000000000000e+00
1.223992934083579787e+00,7.417405676451945595e+00,1.000000000000000000e+00
-5.340541925323549322e+00,-3.333881890011141991e+00,1.000000000000000000e+00
-3.212073631292726272e+00,4.632304990322380078e+00,1.000000000000000000e+00
2.514926305256574013e-01,-4.189868313489770735e+00,1.000000000000000000e+00
-5.493272002243950736e-01,-7.476819832092617801e+00,1.000000000000000000e+00
-1.034810747806729303e+01,-4.492687654905777705e+00,1.000000000000000000e+00
8.980784528270499223e+00,-1.939063638101363729e-01,1.000000000000000000e+00
-1.059201671695373470e+01,-2.305903627743061346e+00,1.000000000000000000e+00
6.622452918730712845e+00,-8.785466552601473023e-01,1.000000000000000000e+00
-2.890087143249223889e+00,1.085903136612326403e+00,1.000000000000000000e+00
-5.194430440828024409e+00,-5.007827766955745830e-01,1.000000000000000000e+00
3.657956543965672491e+00,-2.928421183700617991e-01,1.000000000000000000e+00
-5.268299575639771248e+00,2.123955666296358569e+00,1.000000000000000000e+00
-2.753050217119418441e+00,-3.052210577406095915e+00,1.000000000000000000e+00
-3.242172554780703209e+00,-1.391945243504528307e+00,1.000000000000000000e+00
-3.095462957498962719e+00,6.502229780778503887e+00,1.000000000000000000e+00
-3.924770705899868428e+00,3.579179291036246102e+00,1.000000000000000000e+00
-2.421082548187026617e+00,-7.411297496729692291e+00,1.000000000000000000e+00
3.958930431556080265e+00,-2.358920337437421466e+00,1.000000000000000000e+00
4.602483346453120072e-01,1.002144820422514959e+00,1.000000000000000000e+00
8.793999194730700575e-03,-6.175320635986743412e+00,1.000000000000000000e+00
3.883707352251995759e-02,5.754210391508667755e+00,1.000000000000000000e+00
3.426264318520280128e+00,-4.265335147012033978e+00,1.000000000000000000e+00
7.525620010806183258e-01,-3.446563446729975944e+00,1.000000000000000000e+00
-3.017635741080022083e+00,-2.730905676967556150e+00,1.000000000000000000e+00
-3.997551786330428847e+00,1.639587347957334629e+00,1.000000000000000000e+00
-1.466162480199127316e+00,-5.038734644004163599e+00,1.000000000000000000e+00
-4.748586213627562280e+00,3.217165047983476356e+00,1.000000000000000000e+00
8.222787868647383647e+00,4.061431305187467089e+00,1.000000000000000000e+00
3.053293530638448772e+00,9.493533675477930714e-03,1.000000000000000000e+00
-4.352263940274167631e+00,4.178905931608544400e+00,1.000000000000000000e+00
-5.915954453428825532e-01,7.268091072689847110e+00,1.000000000000000000e+00
-5.528205288728199385e+00,-1.780798556404138866e+00,1.000000000000000000e+00
-9.644950393084849694e+00,7.687199586291782794e+00,1.000000000000000000e+00
-1.150782869343127013e+00,-8.644176614549651250e-01,1.000000000000000000e+00
4.788729672857809483e+00,8.611249922552254077e+00,1.000000000000000000e+00
-6.334053116773650238e-01,1.778367782858969903e+00,1.000000000000000000e+00
4.222105357007341908e+00,2.128732919400766033e+00,1.000000000000000000e+00
8.643232381000094833e+00,1.102337458428558570e+00,1.000000000000000000e+00
-1.018341297697352843e+01,-4.887148074303248713e+00,1.000000000000000000e+00
-4.716226936172776441e+00,4.781731630324561166e+00,1.000000000000000000e+00
4.328019283378370829e+00,-5.946998822964611797e+00,1.000000000000000000e+00
-3.341377315637571677e+00,8.050981325046725479e-01,1.000000000000000000e+00
6.216407424307456964e+00,-3.200005100047774876e-03,1.000000000000000000e+00
1.231467449190474905e+00,4.087297733581154446e+00,1.000000000000000000e+00
-1.567814733455450193e+00,7.135342871954870603e+00,1.000000000000000000e+00
1.011754670831053637e+00,-6.110653828511324548e+00,1.000000000000000000e+00
9.402191516664717974e-02,5.177000131787577786e+00,1.000000000000000000e+00
8.094382751040354762e+00,-1.278081144322260387e+00,1.000000000000000000e+00
5.426833600809565006e+00,-2.616769567878659553e-01,1.000000000000000000e+00
3.319072016749609499e+00,-2.018732005572553945e+00,1.000000000000000000e+00
-4.186530130764963609e+00,8.141461647377492561e-01,1.000000000000000000e+00
-9.882359775906675026e-01,-5.200878275261617389e+00,1.000000000000000000e+00
8.452560401323165606e-02,-4.819419913495562646e+00,1.000000000000000000e+00
-3.386234349526491272e+00,3.455398458976182141e+00,1.000000000000000000e+00
4.169331030852045927e+00,-6.122165505007016506e+00,1.000000000000000000e+00
5.574875151664416828e-01,-1.193732908647400670e+00,1.000000000000000000e+00
-4.057392691512533567e+00,-3.023872445403515741e+00,1.000000000000000000e+00
3.805469700119700427e+00,-1.670690081956970774e+00,1.000000000000000000e+00
5.476375739795861897e+00,-1.613653766510600995e+00,1.000000000000000000e+00
7.521904547471381264e+00,9.523006968044297471e-01,1.000000000000000000e+00
6.909571070828196326e+00,-5.141102511772061234e+00,1.000000000000000000e+00
5.269661456042899594e+00,-4.550535526963352950e+00,1.000000000000000000e+00
-1.319305497445787267e+01,1.524560842805033456e+00,1.000000000000000000e+00
1.491535701999900265e+00,3.943178205922553303e+00,1.000000000000000000e+00
1.401735823174035556e+00,-5.725746914235398943e-01,1.000000000000000000e+00
1.241552352857006603e-01,5.616595790664696830e-01,1.000000000000000000e+00
-7.212411824049913545e-01,1.969039044131499550e+00,1.000000000000000000e+00
2.958315411862571853e+00,-4.122966803209040521e+00,1.000000000000000000e+00
2.287760985806925884e+00,-3.720158081844953557e+00,1.000000000000000000e+00
-2.216486213390447713e+00,-7.987402322733373694e+00,1.000000000000000000e+00
-4.890438946310011303e+00,1.175891702508201492e-01,1.000000000000000000e+00
-4.492878247057743302e+00,4.136567636729800768e+00,1.000000000000000000e+00
-1.864110624269454508e+00,-1.475564039477736733e+00,1.000000000000000000e+00
-1.095560749007317147e+00,-2.556825412847569368e+00,1.000000000000000000e+00
4.891810669897735386e-01,-1.061432011517159657e-01,1.000000000000000000e+00
1.397243103082932425e+00,6.291434175879263568e-01,1.000000000000000000e+00
-1.781944191205293793e+00,-7.839173197053018960e+00,1.000000000000000000e+00
2.723336752190792076e+00,5.954159365865643316e+00,1.000000000000000000e+00
-1.950280094936132913e-01,-6.994287646178633189e+00,1.000000000000000000e+00
2.028132657572101483e+00,1.802782435786865589e+00,1.000000000000000000e+00
7.894880821570295915e-01,2.866904241476952997e+00,1.000000000000000000e+00
-4.366417496210423188e+00,2.303894271374355540e+00,1.000000000000000000e+00
-2.056335599120185265e+00,-4.302698015158831879e+00,1.000000000000000000e+00
7.492439728049147263e+00,1.125469623343241521e+00,1.000000000000000000e+00
-2.997872737199177351e+00,4.294592063815183991e+00,1.000000000000000000e+00
1.821131110830669364e+00,-1.183936839682702580e+00,1.000000000000000000e+00
7.393772532696378796e-01,-2.119599472454836597e+00,1.000000000000000000e+00
3.229693232116443546e+00,-3.059150607161010615e+00,1.000000000000000000e+00
2.431305260980784144e+00,2.827423732029066272e+00,1.000000000000000000e+00
-6.062969543151161211e+00,-8.852496281176100990e-01,1.000000000000000000e+00
-9.257886235358477878e-01,8.369831888177149182e+00,1.000000000000000000e+00
-7.911207680121568941e+00,3.055171225927331147e-01,1.000000000000000000e+00
-1.879943674535379694e+00,2.741504648360794327e+00,1.000000000000000000e+00
1.675472918657954224e+00,4.945123174345141259e-01,1.000000000000000000e+00
-5.253665205408339922e+00,-3.346125256234862899e+00,1.000000000000000000e+00
-7.899251546766185683e+00,2.519862136135938790e+00,1.000000000000000000e+00
3.127924571606662152e+00,-3.097692905400440289e+00,1.000000000000000000e+00
-6.436609712673168060e-01,-7.115240977192605065e+00,1.000000000000000000e+00
-3.092602172247111980e+00,6.226645154660668702e+00,1.000000000000000000e+00
1.199791410595240038e+01,8.500118202371174547e+00,1.000000000000000000e+00
1.910242056779142272e+00,-5.848927214679862097e+00,1.000000000000000000e+00
3.707125738040116136e+00,-9.280174692753089261e-01,1.000000000000000000e+00
-2.524334873720043948e+00,-9.119698888580186846e+00,1.000000000000000000e+00
-5.425658693513282671e+00,1.533948636831084178e+00,1.000000000000000000e+00
3.985510009012076527e+00,1.329157797850795575e+00,1.000000000000000000e+00
-3.642333459060135059e+00,6.995188162027555778e-01,1.000000000000000000e+00
-6.917708821976554789e-01,2.939899716023135490e+00,1.000000000000000000e+00
-3.394829349566181431e+00,3.257041984299179571e+00,1.000000000000000000e+00
-9.291033466477124136e+00,5.830452269143538757e+00,1.000000000000000000e+00
6.398206087161135258e+00,-4.163681532566492649e+00,1.000000000000000000e+00
-6.626542613694590855e+00,-9.872783894060466636e+00,1.000000000000000000e+00
-4.323011025141186181e+00,1.246797914189592404e+00,1.000000000000000000e+00
1.380772345222565534e+00,-1.286213947465858709e+00,1.000000000000000000e+00
1.783165720015853051e+00,2.755398438782429960e+00,1.000000000000000000e+00
-1.551393610296561532e+00,1.900427139242153007e+00,1.000000000000000000e+00
-1.824382970751189159e+00,-1.494285341191467609e+00,1.000000000000000000e+00
1.151334682975780233e+01,3.543612007366915062e+00,1.000000000000000000e+00
1.819778794057934856e+00,2.685247862401135777e+00,1.000000000000000000e+00
-1.191492996695422857e+00,-4.859298657366450946e+00,1.000000000000000000e+00
-1.162270923548044621e+00,6.705994993123826076e-01,1.000000000000000000e+00
-3.996763215511103251e+00,-1.394500173680148780e+00,1.000000000000000000e+00
-4.768195827444157153e+00,-7.108814816217106092e+00,1.000000000000000000e+00
-4.276107968797603576e+00,-9.030155920327544994e-01,1.000000000000000000e+00
-1.664588561324880533e+00,5.864734888864453488e+00,1.000000000000000000e+00
-1.223376562248334798e+00,-4.398106490224333420e+00,1.000000000000000000e+00
-2.531935604388796612e+00,7.651239293531194585e-01,1.000000000000000000e+00
-1.507688434915869458e+00,-6.364280247413881320e+00,1.000000000000000000e+00
6.119071174545893221e+00,-2.816092808566506012e+00,1.000000000000000000e+00
-6.763918239460441129e+00,-4.925025226894352293e-01,1.000000000000000000e+00
-3.683690345089116192e-01,-2.466081363413692884e+00,1.000000000000000000e+00
-7.490598592725352667e+00,-6.198729933628541744e+00,1.000000000000000000e+00
-4.273940978286524306e+00,-5.274761507167972319e+00,1.000000000000000000e+00
1.869601301540910532e+00,-9.429313450052493550e+00,1.000000000000000000e+00
-1.825291760771177441e-01,3.285583605926559958e+00,1.000000000000000000e+00
6.400884676495976144e+00,-3.441943932080351320e+00,1.000000000000000000e+00
-2.669659624923160113e+00,7.392179273175927712e+00,1.000000000000000000e+00
-2.188196724333727472e-01,-7.697330553055695468e+00,1.000000000000000000e+00
6.705811857721879043e+00,-2.809318187102071818e+00,1.000000000000000000e+00
3.848524688362215063e+00,1.013283761367604230e+00,1.000000000000000000e+00
-3.336850700731001762e+00,5.869939079169871343e-01,1.000000000000000000e+00
1.206974955546758599e+00,1.503614904151903575e+00,1.000000000000000000e+00
5.862332111357996034e+00,6.275224873308087759e+00,1.000000000000000000e+00
3.686556114374701654e+00,4.761227011113754237e+00,1.000000000000000000e+00
-8.023030826064050380e-01,-1.326008171543540781e+00,1.000000000000000000e+00
-4.830725572527055256e+00,-4.507262882503908941e+00,1.000000000000000000e+00
-1.967054969047244528e+00,3.604898531462947808e-01,1.000000000000000000e+00
-3.562061418096853060e+00,-6.634312537394619014e+00,1.000000000000000000e+00
-2.048576831776322826e-01,-2.576993476565470620e-01,1.000000000000000000e+00
1.031357041406064923e+01,-2.922470650748885568e+00,1.000000000000000000e+00
-7.531863366232224299e-01,-6.428821751794486339e+00,1.000000000000000000e+00
-3.776282115369752890e-02,4.739696451032028968e+00,1.000000000000000000e+00
-2.033942026262754776e+00,-3.949777976787662848e+00,1.000000000000000000e+00
-1.078280924185035961e+00,-5.062781431211550442e-01,1.000000000000000000e+00
6.860842895611757086e+00,-2.000390838545190952e+00,1.000000000000000000e+00
-6.169356750731253003e-01,-1.052619383271150078e+01,1.000000000000000000e+00
-1.104035525998009915e+00,-3.387947596077490187e-01,1.000000000000000000e+00
2.628171022964159054e+00,1.129965629521520576e+00,1.000000000000000000e+00
3.325412168413002689e+00,6.552679490928683403e-01,1.000000000000000000e+00
5.035150383703305366e+00,1.263291126461981051e+00,1.000000000000000000e+00
-6.006779713885294747e+00,5.074017523394541707e-01,1.000000000000000000e+00
3.198450029386561866e+00,1.885082436578923604e+00,1.000000000000000000e+00
-6.842161764957744197e+00,-4.503705255904315585e+00,1.000000000000000000e+00
-6.869451503572789886e-01,5.608675710275833559e+00,1.000000000000000000e+00
-6.254621195479685092e+00,5.730435608103172207e+00,1.000000000000000000e+00
-1.827844264568649346e-01,6.679525406555992362e+00,1.000000000000000000e+00
-1.285360769640118583e+00,-4.275890303308017337e+00,1.000000000000000000e+00
3.597965380185394135e+00,1.760900793291579669e+00,1.000000000000000000e+00
-2.834983695647954605e+00,5.878143778934814101e+00,1.000000000000000000e+00
-4.230238883255945659e+00,9.759364535109087413e+00,1.000000000000000000e+00
4.546781823731838479e+00,-2.258152181222538690e+00,1.000000000000000000e+00
-1.736238806981162286e+00,1.918693003908239492e+00,1.000000000000000000e+00
5.687753114104695307e+00,1.990197692187428036e+00,1.000000000000000000e+00
-3.565671094263367369e+00,9.759487211423984121e+00,1.000000000000000000e+00
-1.488448249314488825e+00,-4.379216535234934926e-01,1.000000000000000000e+00
7.440544875804270930e+00,2.359325641647348704e+00,1.000000000000000000e+00
3.064816525355629651e+00,-3.721447990480792445e+00,1.000000000000000000e+00
-4.355428677448154318e+00,7.793226170814658182e+00,1.000000000000000000e+00
-6.230240537618118163e-02,-5.390378497547971826e-01,1.000000000000000000e+00
1.849079258671844084e+00,-5.347551626679835302e+00,1.000000000000000000e+00
-8.954360467546470526e-01,4.029876011216740217e+00,1.000000000000000000e+00
-1.066999650649506082e+00,1.065843094531233159e+00,1.000000000000000000e+00
6.437578767184836792e+00,-3.380324764660005421e+00,1.000000000000000000e+00
-2.676101872491457728e-03,-6.903008721825827365e+00,1.000000000000000000e+00
1.120585457273004515e-03,2.539444658766763396e+00,1.000000000000000000e+00
2.898236084015549441e+00,-3.310085427660215629e+00,1.000000000000000000e+00
3.022819828861758928e+00,2.833682552918347586e+00,1.000000000000000000e+00
-3.045636982604245091e+00,-2.892841864086866943e-01,1.000000000000000000e+00
-2.776295980799545898e-02,-5.974673220083765557e+00,1.000000000000000000e+00
-1.060968882717465078e+01,1.445296806334564366e+00,1.000000000000000000e+00
-7.312606124683006747e+00,-1.426575401029709589e+00,1.000000000000000000e+00
-1.278053504697809206e+00,-1.916231332910787399e+00,1.000000000000000000e+00
2.563587253299348667e+00,-9.130324324038221917e+00,1.000000000000000000e+00
-3.929307817433900674e+00,3.685701811662047689e-01,1.000000000000000000e+00
-5.457145821039238065e+00,3.519141524144680511e-01,1.000000000000000000e+00
3.408694845802285656e+00,-4.174780903829311995e+00,1.000000000000000000e+00
6.960214143900970818e+00,-3.772990668511240653e+00,1.000000000000000000e+00
9.102408779714158626e+00,-5.206345235150037887e+00,1.000000000000000000e+00
3.034819424257029219e+00,-5.054363709870215438e+00,1.000000000000000000e+00
2.594706439363966499e+00,-4.665542975825421657e+00,1.000000000000000000e+00
-4.445159405828348120e+00,-1.949603458957851920e+00,1.000000000000000000e+00
-1.604392617027259549e+00,-2.655571897465401676e+00,1.000000000000000000e+00
1.711087709472201235e+00,-3.697096288658442198e+00,1.000000000000000000e+00
-2.950432626918569667e+00,-1.018220745145943695e+01,1.000000000000000000e+00
-1.204975243463888956e+00,-1.457548703035096149e-01,1.000000000000000000e+00
-3.080757875358096420e+00,-4.853317206011786289e-01,1.000000000000000000e+00
3.444673137498550086e-01,9.247094219875774679e-02,1.000000000000000000e+00
-1.337496952444934939e+00,2.918653776904482466e+00,1.000000000000000000e+00
5.456079005479322896e-01,-7.936901639601302350e+00,1.000000000000000000e+00
-1.742936799599732911e+00,3.598828884579448939e+00,1.000000000000000000e+00
-1.683204712304813500e+00,-1.028437696975720073e+01,1.000000000000000000e+00
1.325845596395305082e+00,2.595269433201367715e+00,1.000000000000000000e+00
-2.723517763554460736e+00,-2.051656927266655384e+00,1.000000000000000000e+00
-2.657690519269810370e+00,-2.583363795495008830e+00,1.000000000000000000e+00
-4.883287406731120051e+00,-3.828250827429891423e+00,1.000000000000000000e+00
-2.322842879795623094e+00,-3.812117238668125463e+00,1.000000000000000000e+00
5.952874974684839726e-01,-1.209650860428275898e+01,1.000000000000000000e+00
-8.381926445244594626e-02,8.294653227323639522e-02,1.000000000000000000e+00
-7.580045800294361591e+00,-3.747995679474984687e-01,1.000000000000000000e+00
5.424054816204446183e+00,-8.863252603254405670e+00,1.000000000000000000e+00
-2.909136997695422444e+00,7.719505904957938647e+00,1.000000000000000000e+00
7.014903696553115964e+00,5.115129549070131176e+00,1.000000000000000000e+00
3.832308393793582901e+00,-1.804546344732387064e+00,1.000000000000000000e+00
8.298407329809704969e-01,-8.716453210689484976e+00,1.000000000000000000e+00
6.542813657427771767e-01,6.153251149354285410e+00,1.000000000000000000e+00
4.674892316377052381e+00,-6.338681128597568382e+00,1.000000000000000000e+00
3.400912317992443867e+00,-4.763108691704442954e+00,1.000000000000000000e+00
-1.315405336641034539e+00,5.581152293893234528e+00,1.000000000000000000e+00
5.083162703825438555e+00,-4.322060212365784082e+00,1.000000000000000000e+00
-5.353944753286683955e+00,6.252688772397949180e+00,1.000000000000000000e+00
1.229409371062738465e+01,-3.930355523319853717e+00,1.000000000000000000e+00
-3.749373029458409778e+00,-4.330567626809397552e+00,1.000000000000000000e+00
-5.234879786667566037e+00,4.530915007521267412e+00,1.000000000000000000e+00
2.664376902319657070e+00,-4.274702557266010672e+00,1.000000000000000000e+00
-1.160589343713448018e+00,-7.724681759551596194e+00,1.000000000000000000e+00
4.838049821673052975e+00,1.980511686127025106e+00,1.000000000000000000e+00
1.205166280319004635e+01,-9.677514407845848321e-02,1.000000000000000000e+00
4.666883584981515121e+00,-1.950826861066468743e+00,1.000000000000000000e+00
4.094784221361620347e+00,-8.054775622450596195e-01,1.000000000000000000e+00
2.843813621688939253e-01,1.259629624576856566e+00,1.000000000000000000e+00
-6.555312590718927801e+00,-8.005446274002752105e+00,1.000000000000000000e+00
6.857693970709594744e+00,4.333455205916685871e-01,1.000000000000000000e+00
1.154827114476979943e+00,5.999062691133950631e-01,1.000000000000000000e+00
4.411164552300069097e+00,-9.671452756149909291e+00,1.000000000000000000e+00
-2.707405097615679157e+00,9.596274156450991244e-01,1.000000000000000000e+00
3.954868392600566107e+00,1.976897538715506109e+00,1.000000000000000000e+00
1.153215685557841264e+00,-6.146008749320212017e-01,1.000000000000000000e+00
-9.789731063276983780e-02,3.341575052460006301e+00,1.000000000000000000e+00
-9.864097966987110055e+00,-1.581278576046548201e+00,1.000000000000000000e+00
8.545777787845786122e+00,9.652368519106803157e-01,1.000000000000000000e+00
-5.405729051951645658e+00,2.430036079479561462e+00,1.000000000000000000e+00
1.549867044324535703e+00,-6.247154639616658844e-01,1.000000000000000000e+00
-4.911125718575608090e+00,-6.418492630887221218e+00,1.000000000000000000e+00
6.595021527033711806e+00,4.104721453136388476e+00,1.000000000000000000e+00
-1.094161419951668535e+01,2.906964549036624490e+00,1.000000000000000000e+00
9.937772109584662727e-01,-1.254630818301170336e+01,1.000000000000000000e+00
6.788491364955633323e+00,-6.100219159456922391e+00,1.000000000000000000e+00
5.677912934123892974e+00,-3.345829210113097307e+00,1.000000000000000000e+00
-3.796660674136839830e+00,-3.597087254493042341e+00,1.000000000000000000e+00
-8.705474028150048227e+00,-2.346020992586604237e+00,1.000000000000000000e+00
2.277753911523570096e+00,9.265926130992227172e+00,1.000000000000000000e+00
-3.564800089064114275e+00,-5.681728679273478022e+00,1.000000000000000000e+00
-1.131785872800286974e+00,-2.027944132209895389e-01,1.000000000000000000e+00
-6.504058779634106502e-01,-3.862400439121809637e+00,1.000000000000000000e+00
6.573280641984629025e-01,-1.808692015141961651e-01,1.000000000000000000e+00
3.844545338822070502e+00,-6.622280600217473889e+00,1.000000000000000000e+00
3.540657789641631137e+00,-5.520390025204159556e+00,1.000000000000000000e+00
5.759522355749589373e+00,3.503675311436819317e+00,1.000000000000000000e+00
-6.112354232721176395e+00,-3.205787219359652607e+00,1.000000000000000000e+00
5.068476146804167470e+00,-7.972530231041935478e-02,1.000000000000000000e+00
7.122055174177617243e-01,-1.235941807651962376e+00,1.000000000000000000e+00
1.855583402215695843e+00,-4.702883922784363513e+00,1.000000000000000000e+00
7.811353955375530234e+00,7.312446165619373772e+00,1.000000000000000000e+00
-3.914236518169639467e+00,-1.866467331810831354e+00,1.000000000000000000e+00
-4.913806153683595301e-01,-8.899528653397958955e-01,1.000000000000000000e+00
6.141135508113655384e+00,-4.023015500916765852e+00,1.000000000000000000e+00
8.013339884490033427e+00,5.736022716568254687e+00,1.000000000000000000e+00
-1.381376875945212301e+00,2.623450700749675457e-01,1.000000000000000000e+00
-1.082452010396982134e+00,-3.654840657736978748e+00,1.000000000000000000e+00
2.902734979485690481e+00,5.803875007214836401e+00,1.000000000000000000e+00
-7.011357800264595319e+00,7.593358690897381358e+00,1.000000000000000000e+00
1.796466529477567464e+00,-1.005570756874821337e+00,1.000000000000000000e+00
4.338618827468835093e+00,-5.471913383599045666e+00,1.000000000000000000e+00
1.487579877627353220e+00,-1.321495064382849360e-01,1.000000000000000000e+00
-1.701987527980229675e+00,1.766151848074644759e+00,1.000000000000000000e+00
-4.605053221376961936e+00,2.230820757405694632e+00,1.000000000000000000e+00
1.483359174876068387e+00,7.642835533794325897e+00,1.000000000000000000e+00
2.086093049410462918e-01,1.343010484764702639e+00,1.000000000000000000e+00
-2.650376504287134338e+00,8.972311290839869002e+00,1.000000000000000000e+00
6.088773101764837214e+00,2.169424901930041560e+00,1.000000000000000000e+00
-2.325025618322225096e+00,-8.957579641782389857e+00,1.000000000000000000e+00
8.047386824233873526e+00,9.807035357206776993e-01,1.000000000000000000e+00
-7.535015448872893984e+00,9.621589597754902634e-01,1.000000000000000000e+00
3.299435523388213998e+00,3.329702841588218387e+00,1.000000000000000000e+00
-3.006101936895984039e-01,-3.531608325682936922e+00,1.000000000000000000e+00
-3.674216578085210294e+00,-6.689658058611387403e+00,1.000000000000000000e+00
-4.465949374720507237e+00,4.845563182392155888e+00,1.000000000000000000e+00
1.141091130394976227e+00,-1.461884236050710495e+00,1.000000000000000000e+00
3.610167940574762646e+00,-1.244307450445362395e+00,1.000000000000000000e+00
2.960241664616356072e+00,-1.226445214471355527e+01,1.000000000000000000e+00
2.479364046166432356e+00,2.275482834551345146e+00,1.000000000000000000e+00
-1.357518234406485114e+00,2.718610280796289302e+00,1.000000000000000000e+00
1.736363899500825037e+00,2.600695592994919370e+00,1.000000000000000000e+00
-3.707263298181807443e+00,-2.427137279945577486e+00,1.000000000000000000e+00
2.342571210369741141e+00,-2.405523931978227337e-01,1.000000000000000000e+00
1.761026460451206921e+00,4.025764001576261353e-01,1.000000000000000000e+00
-2.488178449101777989e+00,4.231093602709848689e+00,1.000000000000000000e+00
-3.068349939922514036e+00,-2.433341683411493594e+00,1.000000000000000000e+00
-2.830250968541220935e+00,-6.167782217929000943e-01,1.000000000000000000e+00
5.209698303356674387e+00,1.127106817983999143e+00,1.000000000000000000e+00
5.373285595266774628e+00,7.713664975295719373e+00,1.000000000000000000e+00
-5.502591472623941549e+00,3.488957421831818007e+00,1.000000000000000000e+00
4.303704549776893984e+00,-6.253416470046622599e+00,1.000000000000000000e+00
5.587366186300283921e+00,4.773512158633366198e+00,1.000000000000000000e+00
-5.688588167592450340e+00,-2.643730587854096648e+00,1.000000000000000000e+00
-9.984771370276463998e-01,1.280457212817434742e+00,1.000000000000000000e+00
2.362147716759002591e+00,2.675567190631650494e+00,1.000000000000000000e+00
8.801776647093005224e+00,6.478975513442059020e-01,1.000000000000000000e+00
-2.621966688152390645e+00,-4.622707885337775657e+00,1.000000000000000000e+00
2.972446924216495812e-01,1.502025138725437137e-01,1.000000000000000000e+00
-5.514224867558847443e+00,3.073917007337780838e+00,1.000000000000000000e+00
1.063069902084093243e+00,2.722156271698813246e+00,1.000000000000000000e+00
-5.053193784756270013e+00,1.168913528530134194e+00,1.000000000000000000e+00
-3.203814769092712123e+00,-6.338715652513143839e-01,1.000000000000000000e+00
4.954682835249654138e-01,5.636528119198225273e-02,1.000000000000000000e+00
9.794611822148166169e+00,-9.455810868510068801e+00,1.000000000000000000e+00
3.128134309233178811e+00,2.012052041120382828e+00,1.000000000000000000e+00
-5.037552366284712591e+00,-5.445171323326647439e+00,1.000000000000000000e+00
2.439864297884234645e+00,3.250603292869046479e-01,1.000000000000000000e+00
-1.551636898721864277e-01,-3.515864030066385926e+00,1.000000000000000000e+00
-5.705223313623989156e+00,-2.953683062241124535e+00,1.000000000000000000e+00
2.497999700778111620e+00,-1.370792514156667252e+00,1.000000000000000000e+00
-9.120043176989948153e-01,-6.507434838270060862e-01,1.000000000000000000e+00
4.714786936995565725e+00,6.934048102741108721e+00,1.000000000000000000e+00
-2.660011650611727507e+00,1.892193193307972310e+00,1.000000000000000000e+00
-4.987348516611844751e+00,2.466708098303230567e+00,1.000000000000000000e+00
1.029534527976837088e+00,1.429548521743190470e+00,1.000000000000000000e+00
-2.324204424973399075e+00,2.323792922981918974e+00,1.000000000000000000e+00
4.031683170450055975e+00,3.250799895980041598e-01,1.000000000000000000e+00
5.341883977542478235e+00,1.632772665253342970e+00,1.000000000000000000e+00
4.816821593626364972e+00,-5.406387212189242009e-01,1.000000000000000000e+00
2.085473266100271061e+00,-2.777464644467346755e+00,1.000000000000000000e+00
-8.728282342179125575e-01,2.120965235672044980e+00,1.000000000000000000e+00
-4.947853254805263945e-01,4.433646447090380249e+00,1.000000000000000000e+00
-1.216503861094249406e-01,-3.317313824315359039e+00,1.000000000000000000e+00
1.733339453767023808e-01,3.848388995252957301e+00,1.000000000000000000e+00
3.929010412086928472e+00,-4.114383590212189468e+00,1.000000000000000000e+00
-7.212978441327670964e+00,-8.712192546124737369e-01,1.000000000000000000e+00
5.081796153672836214e-01,6.035304567991263802e+00,1.000000000000000000e+00
-2.419006022687963942e-01,-1.935947534895169575e+00,1.000000000000000000e+00
2.307163785252119848e-01,3.627020677476554766e+00,1.000000000000000000e+00
3.181334407171423795e+00,-3.702905475725446038e+00,1.000000000000000000e+00
-3.625170099042029470e+00,-6.248196190739081501e+00,1.000000000000000000e+00
-2.085962780411670714e+00,-2.913495048851040714e+00,1.000000000000000000e+00
4.734316632015266313e-01,5.372721760790996059e-01,1.000000000000000000e+00
5.241220834898876468e-01,-4.523808513055948666e+00,1.000000000000000000e+00
5.569633333620647164e+00,-2.987630852252076696e+00,1.000000000000000000e+00
3.713845889033422498e+00,-1.484058625314666813e+00,1.000000000000000000e+00
-2.695047144214685719e+00,3.223150755184852834e+00,1.000000000000000000e+00
-2.053659977599282982e+00,-7.599143228931740879e+00,1.000000000000000000e+00
-2.613857598099996182e-01,-1.419928363391390391e+00,1.000000000000000000e+00
4.512014671536829447e+00,-3.754062647454308621e+00,1.000000000000000000e+00
3.135898573199581207e+00,-3.436802131527748827e+00,1.000000000000000000e+00
3.247305959483402393e+00,-2.562202905070094960e+00,1.000000000000000000e+00
-1.533623541764755904e+00,-3.562479624208391371e+00,1.000000000000000000e+00
6.770116488644353225e+00,5.318729523527576220e+00,1.000000000000000000e+00
-2.509035538556207978e+00,-3.112467721247786034e+00,1.000000000000000000e+00
1.034982518655974104e+01,-8.629005761268180308e+00,1.000000000000000000e+00
2.690153184328881952e+00,2.920683490867925336e+00,1.000000000000000000e+00
4.591022521807474277e+00,1.571888397063681442e+00,1.000000000000000000e+00
-6.059253601297118763e+00,4.132931215553498738e+00,1.000000000000000000e+00
1.021855960565778654e+00,-7.682487641198392225e+00,1.000000000000000000e+00
1.519572455123491039e+00,-3.929697796660299169e-01,1.000000000000000000e+00
4.053457975159261650e+00,3.068398154359258445e+00,1.000000000000000000e+00
-2.641229583103712475e+00,-3.996429459027865061e+00,1.000000000000000000e+00
-5.953905303865098197e+00,2.786327558456980213e+00,1.000000000000000000e+00
-3.030449536937803945e+00,-3.883211164513156177e+00,1.000000000000000000e+00
-1.186639255187389441e+00,-1.480000762848943552e+00,1.000000000000000000e+00
2.259088357314986251e+00,-8.513474854960463745e+00,1.000000000000000000e+00
2.216181902063087517e+00,-3.435194901909127019e+00,1.000000000000000000e+00
2.980289936401911421e-01,-1.711079669072341769e+00,1.000000000000000000e+00
3.699429659828733730e+00,-1.356315153029739484e+00,1.000000000000000000e+00
-1.176955896397790546e+01,-2.766439966133642514e+00,1.000000000000000000e+00
-9.802068295561405797e-01,-4.980449069818478236e+00,1.000000000000000000e+00
1.514307800740487986e+00,-7.474009958884426652e-01,1.000000000000000000e+00
-1.030601137373075638e+01,3.612661004193399084e+00,1.000000000000000000e+00
1.407406986814220051e+00,1.693978502038820944e+00,1.000000000000000000e+00
3.055274796330266440e+00,1.195421621060125172e+00,1.000000000000000000e+00
-7.264553550971142304e-01,4.458237897461115651e+00,1.000000000000000000e+00
-1.281616528762464791e+00,3.816653723561577394e+00,1.000000000000000000e+00
8.811477606153868436e+00,6.072726428232364665e-02,1.000000000000000000e+00
-4.728189723721968107e+00,-1.113813446569584142e+00,1.000000000000000000e+00
-6.142729569726347094e+00,2.363988423777482417e+00,1.000000000000000000e+00
-3.763283201084966834e+00,2.078749819422039735e+00,1.000000000000000000e+00
-2.534552760272648086e+00,3.994357571329511525e-01,1.000000000000000000e+00
3.905109715732749009e+00,3.675348457958910409e+00,1.000000000000000000e+00
-5.947099891806175265e+00,5.175007841721499524e+00,1.000000000000000000e+00
3.865740945347031055e+00,-5.801580995955088582e+00,1.000000000000000000e+00
-2.967935063314431243e+00,2.642792578055029651e+00,1.000000000000000000e+00
4.057736869948565861e+00,2.802636332484579884e-01,1.000000000000000000e+00
-1.098750609788474497e+00,-8.592763137420414976e-01,1.000000000000000000e+00
3.458592842664201861e+00,7.961016948715682773e+00,1.000000000000000000e+00
4.917874300169120083e+00,5.171295763668273260e-01,1.000000000000000000e+00
1.189311397326711983e+01,1.923194770046854352e-01,1.000000000000000000e+00
4.051004051514979665e+00,-1.971933867010178254e+00,1.000000000000000000e+00
-5.757962413037478910e+00,-2.494079229758762839e+00,1.000000000000000000e+00
2.791200738202254783e+00,5.321552160418447031e+00,1.000000000000000000e+00
2.283917586937455724e+00,-2.031292052458726349e+00,1.000000000000000000e+00
-6.683849111369300822e+00,2.397093100545236499e+00,1.000000000000000000e+00
-5.032898131829045774e+00,3.895187849713759309e+00,1.000000000000000000e+00
-8.238704717489502727e+00,8.016284707160719947e+00,1.000000000000000000e+00
4.996213696717053843e+00,-9.782934734618194739e+00,1.000000000000000000e+00
-7.953148682977793094e+00,-1.574579348358380537e+00,1.000000000000000000e+00
-6.096074832341261462e+00,5.224087273144591315e+00,1.000000000000000000e+00
2.520110922282265520e+00,1.147548534530068665e+01,1.000000000000000000e+00
2.106783226283897470e+00,-4.212186782014569530e+00,1.000000000000000000e+00
-6.265092514533134427e+00,7.288042547145676231e+00,1.000000000000000000e+00
5.745451832025280092e-01,-2.853864099086097283e+00,1.000000000000000000e+00
5.155150241609869344e-01,-6.779949068461630368e-01,1.000000000000000000e+00
1.295018210861865970e+00,-1.713686362484690695e-01,1.000000000000000000e+00
-1.094680349121999630e+00,-3.589936876297761703e+00,1.000000000000000000e+00
6.906087441065560384e+00,5.329483101901231201e+00,1.000000000000000000e+00
-2.777417868767989018e-01,4.283045437891015439e+00,1.000000000000000000e+00
-7.540518996531605289e+00,-6.857183832254012401e+00,1.000000000000000000e+00
2.652092327542180161e+00,-3.284778945235488301e+00,1.000000000000000000e+00
2.621117464566458999e+00,-3.907653113803323475e+00,1.000000000000000000e+00
-1.958811123533433118e+00,2.664314788935318035e+00,1.000000000000000000e+00
7.749957529273003853e-01,-3.294383741807482391e+00,1.000000000000000000e+00
3.301593948547577595e-01,-1.670755933157663575e+00,1.000000000000000000e+00
-1.082173788901400036e+00,3.030454510742622620e+00,1.000000000000000000e+00
3.612819249603683724e-01,3.254593984230576442e+00,1.000000000000000000e+00
3.364730221247161257e+00,-2.098956426201448178e+00,1.000000000000000000e+00
2.326268775477091100e-01,5.561499010691776768e+00,1.000000000000000000e+00
6.976151496382281714e+00,-3.381825512167849102e+00,1.000000000000000000e+00
-5.359584386142564050e+00,-4.844173668025116619e+00,1.000000000000000000e+00
8.727421192455375731e+00,-7.581429990044523670e+00,1.000000000000000000e+00
9.656875743106848375e+00,-4.408903163637949874e+00,1.000000000000000000e+00
3.629144763090308423e+00,3.776969687708362944e+00,1.000000000000000000e+00
-9.844077504181564464e+00,-1.062252519026861641e+01,1.000000000000000000e+00
-1.119242628567537423e+00,-1.890427646410448803e+00,1.000000000000000000e+00
-2.428124172003355064e+00,-7.373282638295826530e+00,1.000000000000000000e+00
4.602176187676180752e-01,-5.332431777781633242e-01,1.000000000000000000e+00
-1.172961184576741367e+00,-3.017963682893744171e+00,1.000000000000000000e+00
2.620097434185283958e-01,-3.102695003639154514e+00,1.000000000000000000e+00
-8.217891781203356061e+00,6.735969721401516841e-01,1.000000000000000000e+00
-3.409173100172603887e-01,3.806423245274673128e+00,1.000000000000000000e+00
6.628884506603444748e+00,1.706074617514472258e-01,1.000000000000000000e+00
-8.132311655261693417e+00,-1.449002118126920147e+00,1.000000000000000000e+00
-4.044435017993818882e+00,-4.779511850550795526e-01,1.000000000000000000e+00
-5.506311870481166437e-01,-1.176370205378943012e+01,1.000000000000000000e+00
-1.088817936036653045e+01,-5.201224205754318985e-01,1.000000000000000000e+00
6.370108251612629502e+00,-3.145443245751668560e+00,1.000000000000000000e+00
-1.203196644924940450e+01,1.104421362906782100e+01,1.000000000000000000e+00
5.994685199256859498e+00,-3.285083876677205694e+00,1.000000000000000000e+00
1.644835389578181761e+00,-5.049764210653750141e+00,1.000000000000000000e+00
-2.413905010189348666e+00,-5.733785558873262467e+00,1.000000000000000000e+00
1.743199516748454303e-01,-1.143370290464105565e+01,1.000000000000000000e+00
-1.200563958965807254e+00,4.594171036683033726e+00,1.000000000000000000e+00
4.217017191206611670e+00,-5.948888702721971455e+00,1.000000000000000000e+00
-4.605030994064362559e+00,6.362469565097576663e+00,1.000000000000000000e+00
9.093246840708646417e+00,-4.002999368595073548e+00,1.000000000000000000e+00
3.848558013548239121e+00,-1.372445603388879887e+00,1.000000000000000000e+00
4.012611626939474263e+00,7.670920965618042153e+00,1.000000000000000000e+00
-1.799360809682402640e-01,-4.274913136268019831e-01,1.000000000000000000e+00
-1.152959198235259941e-01,7.950796497172798460e+00,1.000000000000000000e+00
3.982818647343167484e+00,-2.268502012587228778e-01,1.000000000000000000e+00
6.754425142583648345e+00,-1.091371852780734919e+01,1.000000000000000000e+00
1.649261055930848041e+00,-5.629883861422291247e+00,1.000000000000000000e+00
-2.103548753494350443e+00,5.841683071017541806e+00,1.000000000000000000e+00
1.447492686941576734e+00,4.656798841996099725e+00,1.000000000000000000e+00
-5.219777758453124861e+00,-5.764131747005150963e+00,1.000000000000000000e+00
-7.582813100013631846e+00,6.408368553947915380e+00,1.000000000000000000e+00
5.141458783183639802e+00,2.758038435345146144e+00,1.000000000000000000e+00
3.636819086639810461e+00,-2.610986774024460222e-01,1.000000000000000000e+00
7.604798953031965958e-01,-7.676879644932853353e+00,1.000000000000000000e+00
3.387307967851305612e+00,-2.464128382643166137e+00,1.000000000000000000e+00
7.336788588853804249e+00,9.235078660293426500e-01,1.000000000000000000e+00
1.723171534479341238e+00,1.541773561614452603e+01,1.000000000000000000e+00
7.405733014000878134e-01,3.700671393872807802e-02,1.000000000000000000e+00
3.067702156616983977e+00,1.099008021846933580e+00,1.000000000000000000e+00
-8.085291705003264440e+00,-4.281086845221227399e+00,1.000000000000000000e+00
2.044606282293139454e+00,-3.164989178892396282e+00,1.000000000000000000e+00
1.793421167347393763e-01,2.697926808762582396e-01,1.000000000000000000e+00
-7.427768957604910405e+00,-6.636747746138087933e+00,1.000000000000000000e+00
6.160275918267540618e+00,-5.671431695701095066e+00,1.000000000000000000e+00
-7.038721565120115153e-01,9.944302673533849557e+00,1.000000000000000000e+00
4.726927182955433793e+00,-4.718111384469663605e+00,1.000000000000000000e+00
5.942492772773252163e+00,-1.071581215926154629e+00,1.000000000000000000e+00
-5.362003610698555356e+00,-2.008930988001665696e+00,1.000000000000000000e+00
7.622730633361582964e-01,-4.606210260719887373e-01,1.000000000000000000e+00
-1.530781547749342275e+00,-3.348697870379812702e+00,1.000000000000000000e+00
-1.840544602934197638e-01,-5.883195178906955647e+00,1.000000000000000000e+00
4.124177266360485206e+00,5.769414626238102528e+00,1.000000000000000000e+00
-5.440490426286785031e+00,1.614568067761045667e+00,1.000000000000000000e+00
1.325342945811623652e-01,5.378329470036830734e-02,1.000000000000000000e+00
3.351216535070479230e-01,-3.588506793541539786e+00,1.000000000000000000e+00
-8.124052791678022523e-01,-1.050052231716549267e+00,1.000000000000000000e+00
-2.479739012443020307e+00,1.672623524451860133e+00,1.000000000000000000e+00
-5.419976130385738777e+00,-5.851771332639048584e-01,1.000000000000000000e+00
-7.817776744033491987e+00,-5.774008183418920304e+00,1.000000000000000000e+00
-5.062856336833365667e+00,2.750059157426588463e+00,1.000000000000000000e+00
-7.336972718537476679e-02,-2.862855157154132080e+00,1.000000000000000000e+00
2.717912655704695091e+00,5.346891052519079146e+00,1.000000000000000000e+00
-3.946030568792119997e+00,2.272739650777842346e+00,1.000000000000000000e+00
2.872765650489569333e-01,3.719102471638779939e+00,1.000000000000000000e+00
5.880679576088953198e+00,7.259200051906075757e+00,1.000000000000000000e+00
1.332111744080861859e+00,-3.231231851580403713e+00,1.000000000000000000e+00
9.741460639210663075e+00,-3.231458859849874354e+00,1.000000000000000000e+00
1.036081769996784363e+00,-2.289793160719812981e+00,1.000000000000000000e+00
4.511718499933338733e-01,3.839526419243132871e+00,1.000000000000000000e+00
7.746946228619274954e+00,-1.601026145257052891e+00,1.000000000000000000e+00
-1.039662787323949189e+01,-1.224486905009713744e-01,1.000000000000000000e+00
1.263340098403359368e+00,3.011529226372579249e+00,1.000000000000000000e+00
-5.454270497001155071e+00,1.589960976314707564e+00,1.000000000000000000e+00
-2.682434318502143755e-01,-5.938317688278349493e-01,1.000000000000000000e+00
1.037438261733597100e+00,-6.794238781261821569e-02,1.000000000000000000e+00
-6.526656200406739661e-01,3.752736606748958703e+00,1.000000000000000000e+00
3.254901748227093883e+00,2.273017631069353062e+00,1.000000000000000000e+00
5.163689540511645859e+00,2.392493032270335274e+00,1.000000000000000000e+00
1.176003881005602603e+00,-5.039292752986150425e+00,1.000000000000000000e+00
-1.790950630228181906e+00,-2.824509862289854567e+00,1.000000000000000000e+00
1.861401251908686216e+00,9.502255051163439603e-01,1.000000000000000000e+00
6.596869663412582518e+00,3.768725424047839834e+00,1.000000000000000000e+00
6.484099346896790017e+00,-3.132115539320006636e+00,1.000000000000000000e+00
-3.283143793473893624e+00,3.082427617887093074e+00,1.000000000000000000e+00
-2.285635385443635315e+00,2.657026045504092604e+00,1.000000000000000000e+00
-5.451741809854992127e+00,-6.356317790045004301e+00,1.000000000000000000e+00
-4.251961759669957708e+00,-3.233003339378355268e+00,1.000000000000000000e+00
-2.419973794825377666e+00,1.974259127460312291e+00,1.000000000000000000e+00
4.656374335635578454e+00,-3.038696938567150507e+00,1.000000000000000000e+00
-2.718210206058936595e+00,2.258793843338879448e+00,1.000000000000000000e+00
8.642034416706579236e+00,-3.948369239443106693e+00,1.000000000000000000e+00
-3.019787935667844980e+00,7.128585350756095451e+00,1.000000000000000000e+00
-2.896667422705395012e+00,-2.512322516052387211e+00,1.000000000000000000e+00
1.178948788243767076e+01,1.140166639064751841e+01,2.000000000000000000e+00
1.169053969485639399e+01,1.164519767977273368e+01,2.000000000000000000e+00
7.485006227091049347e+00,1.036569970188520529e+01,2.000000000000000000e+00
1.036438554022145730e+01,1.091627805570048082e+01,2.000000000000000000e+00
1.363397908045143225e+01,1.260915750076810582e+01,2.000000000000000000e+00
1.408300714806963860e+01,1.292377382382966999e+01,2.000000000000000000e+00
1.170077052773325832e+01,1.151978745850859731e+01,2.000000000000000000e+00
1.182230603309119843e+01,1.072720379449837935e+01,2.000000000000000000e+00
1.560962435655580904e+01,1.507220121608499142e+01,2.000000000000000000e+00
1.458317017063957266e+01,9.640017889425775977e+00,2.000000000000000000e+00
1.284511464701276040e+01,1.304971807136576523e+01,2.000000000000000000e+00
1.268874447752745560e+01,1.041484109670755132e+01,2.000000000000000000e+00
1.246047808659504064e+01,1.121893302143919513e+01,2.000000000000000000e+00
1.218632057661353230e+01,1.584844725893511352e+01,2.000000000000000000e+00
1.370268027800375243e+01,1.546675533930842050e+01,2.000000000000000000e+00
1.246673988770012542e+01,1.316440032102183721e+01,2.000000000000000000e+00
1.140600590180860152e+01,1.235775995724937104e+01,2.000000000000000000e+00
1.076344521322355163e+01,1.240674863093551394e+01,2.000000000000000000e+00
1.174282482033309094e+01,1.337466212179139902e+01,2.000000000000000000e+00
9.122471152689067608e+00,1.028349131368334746e+01,2.000000000000000000e+00
1.080256114980987192e+01,1.025656837899198948e+01,2.000000000000000000e+00
1.124642596011447004e+01,1.068246743847187297e+01,2.000000000000000000e+00
1.008689626314153998e+01,1.430267271836332910e+01,2.000000000000000000e+00
1.337284946514285977e+01,1.167585258854541408e+01,2.000000000000000000e+00
1.066526290388074116e+01,1.251342887447777130e+01,2.000000000000000000e+00
1.316584238496603909e+01,1.129117436719656098e+01,2.000000000000000000e+00
1.199998930576334644e+01,1.197782104538092085e+01,2.000000000000000000e+00
1.423577638913673837e+01,1.465741851008362318e+01,2.000000000000000000e+00
1.371534872659401216e+01,1.153902230332764667e+01,2.000000000000000000e+00
1.289173377105933582e+01,1.462636941735092400e+01,2.000000000000000000e+00
1.144934697577992111e+01,1.045116441357793313e+01,2.000000000000000000e+00
1.177179839159549246e+01,1.110841075880946960e+01,2.000000000000000000e+00
1.082036682055396426e+01,1.572921111888402024e+01,2.000000000000000000e+00
1.428023189069989130e+01,1.131572782351639539e+01,2.000000000000000000e+00
1.233770568006984192e+01,1.050052305125888452e+01,2.000000000000000000e+00
8.574902063940996300e+00,1.159706728427362954e+01,2.000000000000000000e+00
1.163385675168997224e+01,1.005115054268270214e+01,2.000000000000000000e+00
1.458298298868873033e+01,1.358399001937501183e+01,2.000000000000000000e+00
1.239485050570954527e+01,1.267997558250184653e+01,2.000000000000000000e+00
1.131743484139872002e+01,1.454477918885211984e+01,2.000000000000000000e+00
1.053076477533873145e+01,1.232299354946185055e+01,2.000000000000000000e+00
1.132624923339611733e+01,1.128409844427203446e+01,2.000000000000000000e+00
1.286005314714395631e+01,9.176306769119165097e+00,2.000000000000000000e+00
1.199589167300942094e+01,1.474693648257961343e+01,2.000000000000000000e+00
1.250833756738932578e+01,1.349064279731130611e+01,2.000000000000000000e+00
1.103919068975502782e+01,1.367612514167373128e+01,2.000000000000000000e+00
9.362699844231260116e+00,1.096701718034158901e+01,2.000000000000000000e+00
9.568615082388152615e+00,1.299983716229768049e+01,2.000000000000000000e+00
1.194231208715522996e+01,1.105913004662499866e+01,2.000000000000000000e+00
1.047596410168010550e+01,1.084891113855732847e+01,2.000000000000000000e+00
9.598999441228206919e+00,1.283136627858951329e+01,2.000000000000000000e+00
1.330997351365253323e+01,1.024635132651595093e+01,2.000000000000000000e+00
1.153564987687091126e+01,9.556396804483918928e+00,2.000000000000000000e+00
7.342493462727980535e+00,1.421603159768856095e+01,2.000000000000000000e+00
1.340431056810335875e+01,8.792519823504292731e+00,2.000000000000000000e+00
1.311387105380917006e+01,1.127462916928443803e+01,2.000000000000000000e+00
1.138173877428853231e+01,1.337988686363213553e+01,2.000000000000000000e+00
9.074432282408492867e+00,6.479978332272836816e+00,2.000000000000000000e+00
1.011816555778803028e+01,9.348198442644861217e+00,2.000000000000000000e+00
1.216269098959273798e+01,1.418273073596613365e+01,2.000000000000000000e+00
1.063381715186710075e+01,1.059789472413897649e+01,2.000000000000000000e+00
1.099942282531597471e+01,1.002792498572766000e+01,2.000000000000000000e+00
1.326357493645606844e+01,1.235874993597943394e+01,2.000000000000000000e+00
1.419156011634289172e+01,1.260914367946410408e+01,2.000000000000000000e+00
1.117196342003468601e+01,9.451684150643334448e+00,2.000000000000000000e+00
1.100356025046963815e+01,9.260129415749700499e+00,2.000000000000000000e+00
1.398984130959054895e+01,1.701058083319224679e+01,2.000000000000000000e+00
1.245069693900360441e+01,1.137002967045058810e+01,2.000000000000000000e+00
1.345607170417990339e+01,1.080464177863592390e+01,2.000000000000000000e+00
1.074225261405593379e+01,1.349395799237715110e+01,2.000000000000000000e+00
1.141457733119901619e+01,1.199834683495623189e+01,2.000000000000000000e+00
1.300810939133660860e+01,1.176016067341476479e+01,2.000000000000000000e+00
1.165950248021878899e+01,9.808184120928714833e+00,2.000000000000000000e+00
9.618984908700763725e+00,1.217220289355055485e+01,2.000000000000000000e+00
1.281837840639568249e+01,1.292234674209681344e+01,2.000000000000000000e+00
1.254966890378140398e+01,9.883112925736323717e+00,2.000000000000000000e+00
1.112812131842633434e+01,1.190255724057879050e+01,2.000000000000000000e+00
1.013693940269999771e+01,1.221321136685500619e+01,2.000000000000000000e+00
1.072261741057132767e+01,9.444670921690970999e+00,2.000000000000000000e+00
1.042630449847880314e+01,1.395747569210491612e+01,2.000000000000000000e+00
1.104387876920502976e+01,1.029357596130635244e+01,2.000000000000000000e+00
1.106901815389135812e+01,1.173420514271205306e+01,2.000000000000000000e+00
1.069904643875516648e+01,1.015243103584698048e+01,2.000000000000000000e+00
1.355924392774475606e+01,1.364023075118636186e+01,2.000000000000000000e+00
1.193164698723628447e+01,1.018955865367302849e+01,2.000000000000000000e+00
9.727578883313855229e+00,7.394894737805125295e+00,2.000000000000000000e+00
1.320873386572781527e+01,1.184779130158589666e+01,2.000000000000000000e+00
9.317612345814120900e+00,1.227511328613274522e+01,2.000000000000000000e+00
7.017609000839448719e+00,1.148360521492936748e+01,2.000000000000000000e+00
1.133348822176350623e+01,1.433721058588114694e+01,2.000000000000000000e+00
6.870351261658631081e+00,1.018070340495397552e+01,2.000000000000000000e+00
1.158658062613171325e+01,1.058962097407491143e+01,2.000000000000000000e+00
1.176159628239418353e+01,1.243332038842609855e+01,2.000000000000000000e+00
9.333489567521894514e+00,9.169100186885486892e+00,2.000000000000000000e+00
1.167357840023167626e+01,1.382661394732481419e+01,2.000000000000000000e+00
9.503026960850707638e+00,1.417003779932263186e+01,2.000000000000000000e+00
1.355141503782120793e+01,1.088339506697733583e+01,2.000000000000000000e+00
1.521561334294306000e+01,1.026332914404977892e+01,2.000000000000000000e+00
1.214031756671961304e+01,1.433829051178889813e+01,2.000000000000000000e+00
1.125484454849736338e+01,1.093428665305347813e+01,2.000000000000000000e+00
1.136550723983929601e+01,9.501766277498948199e+00,2.000000000000000000e+00
1.066057236327492674e+01,1.003734608539686946e+01,2.000000000000000000e+00
1.304470626402251732e+01,1.241854975715311582e+01,2.000000000000000000e+00
1.390491224067123177e+01,1.315470892076303322e+01,2.000000000000000000e+00
1.337778234887969120e+01,1.234052459901376153e+01,2.000000000000000000e+00
1.173490438244575529e+01,1.187733425437018120e+01,2.000000000000000000e+00
1.443269131343052081e+01,9.679045054609174414e+00,2.000000000000000000e+00
1.718411115351078067e+01,1.334379757748949658e+01,2.000000000000000000e+00
1.381898676727155362e+01,1.012704579604672617e+01,2.000000000000000000e+00
1.069584292175651186e+01,1.042895637618428850e+01,2.000000000000000000e+00
1.421621364698620837e+01,1.235932636781917893e+01,2.000000000000000000e+00
1.092073351317295327e+01,1.509198750630835661e+01,2.000000000000000000e+00
9.479464078236290447e+00,1.230201822094556441e+01,2.000000000000000000e+00
1.334078825154822390e+01,1.199534803826994889e+01,2.000000000000000000e+00
1.217005797287140112e+01,1.424698101981223175e+01,2.000000000000000000e+00
7.099554324422975959e+00,9.748156120034305872e+00,2.000000000000000000e+00
1.250572685884433177e+01,1.266641637515155949e+01,2.000000000000000000e+00
1.213040883475415477e+01,1.151404657549453958e+01,2.000000000000000000e+00
1.023007631365466352e+01,1.324356361751855893e+01,2.000000000000000000e+00
1.133908811856585253e+01,9.479920363600975008e+00,2.000000000000000000e+00
9.365318409637318098e+00,1.068924406849177089e+01,2.000000000000000000e+00
1.217847733142872180e+01,1.172811403963918586e+01,2.000000000000000000e+00
9.578690137840180086e+00,1.483098662138478474e+01,2.000000000000000000e+00
1.566569860678022330e+01,1.263275549024751321e+01,2.000000000000000000e+00
1.302744739931113038e+01,9.999763049866622566e+00,2.000000000000000000e+00
1.167999845298982464e+01,1.152088214731272409e+01,2.000000000000000000e+00
1.198286666375352993e+01,8.516140873371554676e+00,2.000000000000000000e+00
1.094826122121392231e+01,9.214505227906705898e+00,2.000000000000000000e+00
1.276136475735753351e+01,8.843351545444761541e+00,2.000000000000000000e+00
1.333411862488857658e+01,1.252719202010425548e+01,2.000000000000000000e+00
1.115302790129249111e+01,1.130276871564465146e+01,2.000000000000000000e+00
1.121007206301334413e+01,1.595435996269032763e+01,2.000000000000000000e+00
1.108129498455806328e+01,8.537148615468678869e+00,2.000000000000000000e+00
1.491543479775675252e+01,1.174627278401838559e+01,2.000000000000000000e+00
8.713164878465365248e+00,1.330370608563563373e+01,2.000000000000000000e+00
1.377940292166022296e+01,1.132061546622747450e+01,2.000000000000000000e+00
8.204397470447755580e+00,1.313567335443957695e+01,2.000000000000000000e+00
1.037256964303352369e+01,1.416569229901083382e+01,2.000000000000000000e+00
1.024753501725459515e+01,1.148420898498945242e+01,2.000000000000000000e+00
1.497961178993505804e+01,1.252265910518618952e+01,2.000000000000000000e+00
1.459812206885671948e+01,1.076424952297292492e+01,2.000000000000000000e+00
1.449067299643632900e+01,8.455185706824915215e+00,2.000000000000000000e+00
1.254208391362578645e+01,9.852334943335840478e+00,2.000000000000000000e+00
1.066567084980636082e+01,1.510225554545323945e+01,2.000000000000000000e+00
1.673810139048009660e+01,7.875135923596340071e+00,2.000000000000000000e+00
1.251516290307057488e+01,1.269068946150783894e+01,2.000000000000000000e+00
1.101714948240162073e+01,1.281683158713696535e+01,2.000000000000000000e+00
1.073908156696053595e+01,1.262186034715553085e+01,2.000000000000000000e+00
1.282465979380169863e+01,9.516744269507753984e+00,2.000000000000000000e+00
1.343683224597713988e+01,1.035520779996203444e+01,2.000000000000000000e+00
1.338228983091418911e+01,1.181478956559575977e+01,2.000000000000000000e+00
1.239775679524214702e+01,1.428533720654696815e+01,2.000000000000000000e+00
1.207990941644863447e+01,1.056121072829087026e+01,2.000000000000000000e+00
1.276897546535180261e+01,1.212405177418706081e+01,2.000000000000000000e+00
1.006951950654507577e+01,1.203072000712221801e+01,2.000000000000000000e+00
1.312344763715083396e+01,1.409999011010265058e+01,2.000000000000000000e+00
1.230431588199136783e+01,1.100951773707821957e+01,2.000000000000000000e+00
1.124692285070081788e+01,1.376150200196064688e+01,2.000000000000000000e+00
1.064760583990453746e+01,1.179441930187845955e+01,2.000000000000000000e+00
1.526833258610847111e+01,1.310339961086498484e+01,2.000000000000000000e+00
1.405885565672427440e+01,1.208999714156528427e+01,2.000000000000000000e+00
1.178718589590928367e+01,1.143755978852138888e+01,2.000000000000000000e+00
1.016722181185161489e+01,1.390399296283157682e+01,2.000000000000000000e+00
1.285145826454797202e+01,1.297585484788617727e+01,2.000000000000000000e+00
1.514323548302238542e+01,1.219771366501445264e+01,2.000000000000000000e+00
1.256027443617177219e+01,1.041032280396639642e+01,2.000000000000000000e+00
1.101820397347968949e+01,1.093106735859487877e+01,2.000000000000000000e+00
1.043364417338603900e+01,1.303376385235247881e+01,2.000000000000000000e+00
1.134649516309264428e+01,1.509017216239888981e+01,2.000000000000000000e+00
1.372393985187486187e+01,1.016890601448647402e+01,2.000000000000000000e+00
1.380398521563040859e+01,1.095597467588874530e+01,2.000000000000000000e+00
1.446902947579004817e+01,1.301938978525748247e+01,2.000000000000000000e+00
1.215381172581238012e+01,8.537853965187263583e+00,2.000000000000000000e+00
1.445425381204935533e+01,1.104434043540998900e+01,2.000000000000000000e+00
1.028349103465656178e+01,1.302143997067967973e+01,2.000000000000000000e+00
1.038828473338397274e+01,1.437190389066221385e+01,2.000000000000000000e+00
1.423646909170153485e+01,8.937473602440894282e+00,2.000000000000000000e+00
9.096960073929880153e+00,1.366374049853880202e+01,2.000000000000000000e+00
1.018763983123355921e+01,1.367393908497757593e+01,2.000000000000000000e+00
1.335026886327539763e+01,1.298974146097912730e+01,2.000000000000000000e+00
1.204291935816212344e+01,9.613088417162311217e+00,2.000000000000000000e+00
1.063638583493705525e+01,1.446623513085689794e+01,2.000000000000000000e+00
1.064740869229285103e+01,1.159845093841180130e+01,2.000000000000000000e+00
1.478989768720850329e+01,9.829178700511786104e+00,2.000000000000000000e+00
1.024266309529646080e+01,1.081401296943673529e+01,2.000000000000000000e+00
1.053552115641465647e+01,1.309000669395739713e+01,2.000000000000000000e+00
1.303153733009857440e+01,1.356071703523954852e+01,2.000000000000000000e+00
1.311181195376850717e+01,1.279842504602099673e+01,2.000000000000000000e+00
1.337002684959762533e+01,1.216926866768810811e+01,2.000000000000000000e+00
8.409015939974995746e+00,9.697637289011382222e+00,2.000000000000000000e+00
1.079979686286260154e+01,1.569208239761485046e+01,2.000000000000000000e+00
1.126210645126055532e+01,1.169879583952159408e+01,2.000000000000000000e+00
1.178297703630104465e+01,1.633359379314778437e+01,2.000000000000000000e+00
8.623065788060243264e+00,1.354620715103371431e+01,2.000000000000000000e+00
1.309630040882041691e+01,1.273586245138338846e+01,2.000000000000000000e+00
1.047378499828782417e+01,1.266809897618725778e+01,2.000000000000000000e+00
1.157555518207221645e+01,1.508685979172169134e+01,2.000000000000000000e+00
1.052862405886337349e+01,1.188982718690896334e+01,2.000000000000000000e+00
1.087472143485867093e+01,1.311546725388290291e+01,2.000000000000000000e+00
1.252796650546169666e+01,1.230330943951382494e+01,2.000000000000000000e+00
-1.486028686652943520e+01,1.448632250416292599e+01,3.000000000000000000e+00
-1.066351867604126369e+01,1.448812327315238946e+01,3.000000000000000000e+00
-1.291947473196751695e+01,1.188238114302194859e+01,3.000000000000000000e+00
-1.253100428350864526e+01,1.129519311572358831e+01,3.000000000000000000e+00
-1.159158402419750011e+01,1.417277822976009816e+01,3.000000000000000000e+00
-1.238174106355414317e+01,1.297856737811419592e+01,3.000000000000000000e+00
-1.258028678655647070e+01,9.064396848362518355e+00,3.000000000000000000e+00
-1.018732720790207225e+01,1.033057497259254909e+01,3.000000000000000000e+00
-1.091096931462474906e+01,1.177367080025027057e+01,3.000000000000000000e+00
-1.302486944420812698e+01,1.235349381473425368e+01,3.000000000000000000e+00
-1.243786690783760918e+01,1.511152894497778476e+01,3.000000000000000000e+00
-1.177889765131434530e+01,1.223861173560264071e+01,3.000000000000000000e+00
-1.184452498735851123e+01,1.038539615493676216e+01,3.000000000000000000e+00
-1.098709171527341688e+01,1.058298488540389215e+01,3.000000000000000000e+00
-9.126754596297580235e+00,1.069357049205288313e+01,3.000000000000000000e+00
-1.099608959457055057e+01,1.205420715759106010e+01,3.000000000000000000e+00
-1.242015159438462213e+01,1.145511844417752378e+01,3.000000000000000000e+00
-1.459578394759715181e+01,1.251190626566122432e+01,3.000000000000000000e+00
-1.082531469751660502e+01,1.286135209046326366e+01,3.000000000000000000e+00
-1.247392326526338735e+01,1.310927741043538397e+01,3.000000000000000000e+00
-1.203067105246588042e+01,1.154319750564601144e+01,3.000000000000000000e+00
-1.147692388544390596e+01,1.104993144989534670e+01,3.000000000000000000e+00
-1.235556114346242929e+01,1.043271565632539399e+01,3.000000000000000000e+00
-1.076937133303530914e+01,1.253459122098822398e+01,3.000000000000000000e+00
-1.294900438516701691e+01,1.339694575704083235e+01,3.000000000000000000e+00
-1.317638792993919949e+01,9.143573271027015892e+00,3.000000000000000000e+00
-1.380549936029894909e+01,1.075671373484614790e+01,3.000000000000000000e+00
-1.036500025997318986e+01,1.015013842794877341e+01,3.000000000000000000e+00
-1.305839268154212540e+01,1.162733486097788038e+01,3.000000000000000000e+00
-1.285094672918567760e+01,1.120144800271946295e+01,3.000000000000000000e+00
-9.783448028754907710e+00,1.275431909221745741e+01,3.000000000000000000e+00
-1.157595898210869834e+01,1.278354236142109279e+01,3.000000000000000000e+00
-1.334281295466993456e+01,1.177689391088682314e+01,3.000000000000000000e+00
-6.622117429872919736e+00,9.485722670262772382e+00,3.000000000000000000e+00
-1.382418732020327035e+01,1.322083221359691230e+01,3.000000000000000000e+00
-9.992651587048516859e+00,1.129030486893805296e+01,3.000000000000000000e+00
-1.335500692756554386e+01,1.453382027901914064e+01,3.000000000000000000e+00
-1.238757884001696219e+01,1.032554972169445584e+01,3.000000000000000000e+00
-1.101162083038878770e+01,1.070034938963781634e+01,3.000000000000000000e+00
-1.338506893526065866e+01,1.308005466597501076e+01,3.000000000000000000e+00
-9.771546300429669429e+00,1.225335890589786203e+01,3.000000000000000000e+00
-1.231909526778470010e+01,1.428095765627497826e+01,3.000000000000000000e+00
-1.207062168137635183e+01,1.092105067644752658e+01,3.000000000000000000e+00
-1.148499629271245226e+01,1.152292126715790310e+01,3.000000000000000000e+00
-1.243007656867836275e+01,1.253695309160074345e+01,3.000000000000000000e+00
-1.475539468128287801e+01,1.364086926744889716e+01,3.000000000000000000e+00
-1.156186266368199256e+01,1.203561144083028012e+01,3.000000000000000000e+00
-1.242594977248794308e+01,1.334399631542891562e+01,3.000000000000000000e+00
-1.177180698482486676e+01,1.075670514539347700e+01,3.000000000000000000e+00
-1.117083082621878098e+01,1.092840011180673265e+01,3.000000000000000000e+00
-1.303916757238779311e+01,1.287042511431950942e+01,3.000000000000000000e+00
-1.267810452284347100e+01,1.098444518674248904e+01,3.000000000000000000e+00
-1.399815339005015957e+01,1.285576931548692592e+01,3.000000000000000000e+00
-1.357010844269379390e+01,1.028124884582832088e+01,3.000000000000000000e+00
-1.002868063976290713e+01,1.317291281576535233e+01,3.000000000000000000e+00
-1.182387663975022107e+01,1.246573946134907729e+01,3.000000000000000000e+00
-1.167341029211978309e+01,1.241571129868247603e+01,3.000000000000000000e+00
-1.383390640893142098e+01,1.286636639351747213e+01,3.000000000000000000e+00
-1.443815065766156636e+01,1.485038918844519529e+01,3.000000000000000000e+00
-1.492987132580582710e+01,1.282232856284929667e+01,3.000000000000000000e+00
-1.394386319986678657e+01,1.374183269208555735e+01,3.000000000000000000e+00
-1.284430772271711518e+01,9.828717515734235022e+00,3.000000000000000000e+00
-1.333939180014068526e+01,1.141999905056351317e+01,3.000000000000000000e+00
-1.121164044342086719e+01,1.219631430349266310e+01,3.000000000000000000e+00
-1.198756034507322532e+01,1.110705040555224699e+01,3.000000000000000000e+00
-1.126463879503796228e+01,1.035490159684610134e+01,3.000000000000000000e+00
-1.244766168661009687e+01,1.198698776678486233e+01,3.000000000000000000e+00
-1.402757219234792530e+01,1.338550693044952133e+01,3.000000000000000000e+00
-1.247773741767317901e+01,1.298913374597579207e+01,3.000000000000000000e+00
-1.133372961650801614e+01,1.430790865185215388e+01,3.000000000000000000e+00
-1.027243140385486164e+01,1.179794452891466960e+01,3.000000000000000000e+00
-1.520760621700189930e+01,1.095647938945990951e+01,3.000000000000000000e+00
-1.305933731576353551e+01,1.175104346817702350e+01,3.000000000000000000e+00
-1.040185231861475224e+01,1.312569032130351765e+01,3.000000000000000000e+00
-1.094315639313059130e+01,1.321392511683656323e+01,3.000000000000000000e+00
-1.103673337851708247e+01,1.129298537475554909e+01,3.000000000000000000e+00
-1.066037599819877535e+01,1.306756940676004319e+01,3.000000000000000000e+00
-1.315475258137892567e+01,1.165476843928543893e+01,3.000000000000000000e+00
-1.134422198989136987e+01,1.212183520851309559e+01,3.000000000000000000e+00
-1.351138317800753086e+01,1.409402222273929617e+01,3.000000000000000000e+00
-1.131041081257680503e+01,1.488586299617262299e+01,3.000000000000000000e+00
-1.250920304596820998e+01,9.860732953053648941e+00,3.000000000000000000e+00
-1.235271653802686842e+01,1.113589684765980259e+01,3.000000000000000000e+00
-1.281442956710297665e+01,1.117288754445922727e+01,3.000000000000000000e+00
-1.107737024857702401e+01,1.577715168838890492e+01,3.000000000000000000e+00
-1.238726518682892319e+01,1.416165775784291725e+01,3.000000000000000000e+00
-1.330143540601929253e+01,1.464380237720605393e+01,3.000000000000000000e+00
-1.207192545571278330e+01,1.178856655715279267e+01,3.000000000000000000e+00
-9.648835746105543620e+00,1.270717275287018211e+01,3.000000000000000000e+00
-1.192700826661326374e+01,1.344966547921045219e+01,3.000000000000000000e+00
-1.217437097578449823e+01,1.295515591802059774e+01,3.000000000000000000e+00
-1.447050353846928772e+01,1.373803242135979019e+01,3.000000000000000000e+00
-1.205588026722769257e+01,8.499345114341265273e+00,3.000000000000000000e+00
-1.242594982727071873e+01,8.546863265451543512e+00,3.000000000000000000e+00
-1.513816032770423270e+01,1.300031571855058132e+01,3.000000000000000000e+00
-1.640273761925232066e+01,1.311514966645510860e+01,3.000000000000000000e+00
-1.319208344607034711e+01,1.328263296662967363e+01,3.000000000000000000e+00
-1.455097447326479276e+01,1.102766299460413890e+01,3.000000000000000000e+00
-9.811190765281539328e+00,8.449793895614392980e+00,3.000000000000000000e+00
-1.253571955246703418e+01,9.493404466554169474e+00,3.000000000000000000e+00
-1.234877863145849375e+01,1.475766986456976682e+01,3.000000000000000000e+00
-1.161520574355668245e+01,1.291831761934527378e+01,3.000000000000000000e+00
-1.255734367163117682e+01,1.382883295840833071e+01,3.000000000000000000e+00
-9.401820465773200297e+00,1.203670824199016565e+01,3.000000000000000000e+00
-1.012420892324874622e+01,9.531897270044662918e+00,3.000000000000000000e+00
-9.889183468435430058e+00,1.229096460523297374e+01,3.000000000000000000e+00
-1.220779707096788158e+01,1.109067450213713890e+01,3.000000000000000000e+00
-1.184161752152181712e+01,9.004070549170041460e+00,3.000000000000000000e+00
-1.347259200165747117e+01,1.015948951038306802e+01,3.000000000000000000e+00
-1.233862464333126496e+01,1.333981978842477112e+01,3.000000000000000000e+00
-1.275611630219557568e+01,1.435071783014305780e+01,3.000000000000000000e+00
-1.058377201579110682e+01,1.015094465846898153e+01,3.000000000000000000e+00
-1.297405713743433964e+01,1.362133216435391603e+01,3.000000000000000000e+00
-1.064603370312585540e+01,1.268077359383529945e+01,3.000000000000000000e+00
-1.303266967155268397e+01,1.210615519452679933e+01,3.000000000000000000e+00
-1.375104599575505659e+01,1.183245762593832495e+01,3.000000000000000000e+00
-1.382150062344472730e+01,9.247731044851761339e+00,3.000000000000000000e+00
-1.161652199831033805e+01,1.248997405923193504e+01,3.000000000000000000e+00
-9.632202581569529798e+00,1.202151349159526461e+01,3.000000000000000000e+00
-1.292982040906655961e+01,1.301646050874252936e+01,3.000000000000000000e+00
-1.306564559010273108e+01,1.246200221630483540e+01,3.000000000000000000e+00
-1.025647139118006734e+01,1.182492539881141269e+01,3.000000000000000000e+00
-1.110359280404372484e+01,1.268021629898734659e+01,3.000000000000000000e+00
-1.427378037766479046e+01,1.374822553932453495e+01,3.000000000000000000e+00
-1.217017249750305474e+01,1.051603452511334247e+01,3.000000000000000000e+00
-1.371420105192268402e+01,1.186623167701981707e+01,3.000000000000000000e+00
-1.174136635626392433e+01,8.917158403959044577e+00,3.000000000000000000e+00
-1.313818962525360767e+01,1.054673038991391820e+01,3.000000000000000000e+00
-1.354119560763139773e+01,1.447162304754450268e+01,3.000000000000000000e+00
-1.007200745381938312e+01,1.111707235130154814e+01,3.000000000000000000e+00
-1.162864505493465650e+01,1.198868817881934667e+01,3.000000000000000000e+00
-9.003475070932605462e+00,1.292435209716723854e+01,3.000000000000000000e+00
-1.275009694289810369e+01,1.150133714235828819e+01,3.000000000000000000e+00
-1.271089474724068680e+01,1.407325341227666193e+01,3.000000000000000000e+00
-1.358624557738838945e+01,1.191826311748340927e+01,3.000000000000000000e+00
-1.161576524093059959e+01,1.159915881023199802e+01,3.000000000000000000e+00
-1.064865318374766012e+01,1.065915226108915093e+01,3.000000000000000000e+00
-1.364116500563951107e+01,1.190600689938852774e+01,3.000000000000000000e+00
-1.276646184608650003e+01,1.325594806241618073e+01,3.000000000000000000e+00
-9.706748434363097644e+00,1.008414629986159738e+01,3.000000000000000000e+00
-1.361698485667670511e+01,1.294631523545248619e+01,3.000000000000000000e+00
-8.852573927878808036e+00,9.555225494125316743e+00,3.000000000000000000e+00
-1.051724823614706494e+01,1.280844423216486838e+01,3.000000000000000000e+00
-1.390826742259714521e+01,1.269416810524863948e+01,3.000000000000000000e+00
-1.228508987225877647e+01,9.996913616788534185e+00,3.000000000000000000e+00
-1.289709034569059121e+01,1.296909729753786067e+01,3.000000000000000000e+00
-1.226594620753269815e+01,9.191234477798410296e+00,3.000000000000000000e+00
-1.335936231862862833e+01,1.049697824605594576e+01,3.000000000000000000e+00
-1.111926976044687798e+01,1.328364938723751898e+01,3.000000000000000000e+00
-1.229389885895701084e+01,1.000106688375450936e+01,3.000000000000000000e+00
-1.346075720966424960e+01,8.308389650493131384e+00,3.000000000000000000e+00
-1.229571309527313971e+01,1.332975686125127446e+01,3.000000000000000000e+00
-1.224778810557989495e+01,1.253728187151962281e+01,3.000000000000000000e+00
-1.127398371445211822e+01,1.090760995330261451e+01,3.000000000000000000e+00
-1.483551269651661642e+01,1.294848506881567829e+01,3.000000000000000000e+00
-9.625677463350697849e+00,1.290899841179415652e+01,3.000000000000000000e+00
-1.400489988265841745e+01,1.659722800279182309e+01,3.000000000000000000e+00
-1.402292029340968860e+01,1.327643779323037343e+01,3.000000000000000000e+00
-1.322133514056194059e+01,1.177357618873252321e+01,3.000000000000000000e+00
-1.124899756866461864e+01,1.299049086988686597e+01,3.000000000000000000e+00
-1.478559293390670248e+01,1.261519657643088621e+01,3.000000000000000000e+00
-1.208426141541969123e+01,1.384054375190337538e+01,3.000000000000000000e+00
-1.493125798485874078e+01,1.127538093476284864e+01,3.000000000000000000e+00
-1.143726427819140845e+01,9.906069778372071255e+00,3.000000000000000000e+00
-1.170996240184396520e+01,1.491229787493105263e+01,3.000000000000000000e+00
-1.263044432623797775e+01,1.168006825513458224e+01,3.000000000000000000e+00
-1.190756660115193988e+01,1.215524532661015122e+01,3.000000000000000000e+00
-1.450165768136187694e+01,8.719087509017850124e+00,3.000000000000000000e+00
-1.371337807717351964e+01,1.540539740094816779e+01,3.000000000000000000e+00
-1.069961053863689848e+01,1.155852404262856936e+01,3.000000000000000000e+00
-1.256698188997991039e+01,1.442224910553638750e+01,3.000000000000000000e+00
-1.263966938718786892e+01,1.058040470699781110e+01,3.000000000000000000e+00
-1.096210389770484994e+01,1.354949503833603686e+01,3.000000000000000000e+00
-1.441492163356555700e+01,1.202733587256057390e+01,3.000000000000000000e+00
-9.803527819882935646e+00,9.325813213935340684e+00,3.000000000000000000e+00
-1.147896623903040236e+01,1.206751547706816474e+01,3.000000000000000000e+00
-1.078982475773785588e+01,1.207198091116771899e+01,3.000000000000000000e+00
-1.182132703092303672e+01,1.431217347598382439e+01,3.000000000000000000e+00
-1.314206100852638137e+01,1.434604653348611336e+01,3.000000000000000000e+00
-9.074282213706894140e+00,1.521486965485321363e+01,3.000000000000000000e+00
-1.129358160134240308e+01,1.556474621756965249e+01,3.000000000000000000e+00
-1.372102515196936601e+01,1.505308243563415083e+01,3.000000000000000000e+00
-1.658224955234522469e+01,1.369208453499784994e+01,3.000000000000000000e+00
-1.120873664545582216e+01,9.680610073631843449e+00,3.000000000000000000e+00
-1.217072311987738154e+01,1.124142689152575159e+01,3.000000000000000000e+00
-1.079893978544603073e+01,1.044231507387713975e+01,3.000000000000000000e+00
-1.363217138648276716e+01,8.050736365880080569e+00,3.000000000000000000e+00
-1.605365347345293969e+01,1.390346980509048080e+01,3.000000000000000000e+00
-1.564887549010946088e+01,1.210152050354382069e+01,3.000000000000000000e+00
-1.134631166925361612e+01,1.309159621315928135e+01,3.000000000000000000e+00
-9.316704416175737080e+00,1.357965974387586705e+01,3.000000000000000000e+00
-1.172014084001130385e+01,1.166128122524529509e+01,3.000000000000000000e+00
-1.027574966238709386e+01,1.072818261590739297e+01,3.000000000000000000e+00
-1.035725762596812238e+01,1.035625882900721351e+01,3.000000000000000000e+00
-1.201812588915969116e+01,1.511987490445919669e+01,3.000000000000000000e+00
-1.407895563667037209e+01,1.230464143115169762e+01,3.000000000000000000e+00
-1.492446732217076288e+01,1.310797622116442263e+01,3.000000000000000000e+00
-1.055348727261934272e+01,1.228657397127562767e+01,3.000000000000000000e+00
-1.056663669816943596e+01,1.085335902511961415e+01,3.000000000000000000e+00
-1.217097305756011316e+01,1.486109260670039767e+01,3.000000000000000000e+00
